{
  "overall": {
    "rmse": 0.4928693841385176,
    "nll": 16.83830931271656,
    "ece": 0.2609,
    "mae": 0.36840295016369623,
    "r2": 0.6166426617197882,
    "training_time": 27.275970935821533,
    "region_id_time": 16.03049373626709,
    "inference_time": 0.41454529762268066,
    "peak_memory_mb": 28.623863220214844
  },
  "per_region": {
    "low": {
      "n_points": 291,
      "pct_points": 29.099999999999998,
      "rmse": 0.6577931305804773,
      "nll": 31.449948277242203,
      "ece": 0.4171821305841925
    },
    "medium": {
      "n_points": 409,
      "pct_points": 40.9,
      "rmse": 0.5208057884460021,
      "nll": 19.1452263167934,
      "ece": 0.4156479217603912
    },
    "high": {
      "n_points": 300,
      "pct_points": 30.0,
      "rmse": 0.14224743135486925,
      "nll": -0.4800773317647486,
      "ece": 0.10166666666666667
    }
  }
}