{
  "overall": {
    "rmse": 0.4930765934729946,
    "nll": 16.85289991089667,
    "ece": 0.26000000000000006,
    "mae": 0.36860891010923524,
    "r2": 0.6163202561521487,
    "training_time": 15.868476867675781,
    "region_id_time": 8.895113945007324,
    "inference_time": 0.7414333820343018,
    "peak_memory_mb": 28.628562927246094
  },
  "per_region": {
    "low": {
      "n_points": 292,
      "pct_points": 29.2,
      "rmse": 0.6573087330803205,
      "nll": 31.40130194105869,
      "ece": 0.4174657534246576
    },
    "medium": {
      "n_points": 408,
      "pct_points": 40.8,
      "rmse": 0.5213049307501344,
      "nll": 19.185002375940318,
      "ece": 0.4154411764705883
    },
    "high": {
      "n_points": 300,
      "pct_points": 30.0,
      "rmse": 0.1424421642181956,
      "nll": -0.47920408425372907,
      "ece": 0.10466666666666666
    }
  }
}