{
  "n_total": 1030,
  "n_high": 309,
  "n_medium": 412,
  "n_low": 309,
  "pct_high": 30.0,
  "pct_medium": 40.0,
  "pct_low": 30.0,
  "importance_mean": 0.23475935468494163,
  "importance_std": 0.15584360555417315,
  "importance_min": 0.0007078943677413962,
  "importance_max": 0.92970137251808,
  "uncertainty_mean": 5.690828094994398,
  "uncertainty_std": 1.1772442827240304,
  "density_mean": 0.2574565363810523,
  "density_std": 0.16688956765330132,
  "fitting_time": 4.792341470718384
}