{
  "overall": {
    "rmse": 4.777521238502334,
    "nll": 4.38365318773847,
    "ece": 0.15510000000000002,
    "mae": 3.2529269649495873,
    "training_time": 20.18631148338318,
    "region_id_time": 17.81291627883911,
    "inference_time": 0.8031361103057861,
    "peak_memory_mb": 155.52973651885986,
    "mean_std": 2.035520119213038,
    "std_std": 0.0012971492864702172
  },
  "per_region": {
    "low": {
      "n_points": 583,
      "pct_points": 29.15,
      "rmse": 3.776320966801037,
      "nll": 3.3495746214170237,
      "ece": 0.12384219554030876,
      "mean_std": 2.0362462992372454
    },
    "medium": {
      "n_points": 789,
      "pct_points": 39.45,
      "rmse": 4.529108073000562,
      "nll": 4.106104430281498,
      "ece": 0.14562737642585555,
      "mean_std": 2.0349644722961817
    },
    "high": {
      "n_points": 628,
      "pct_points": 31.4,
      "rmse": 5.803424424591999,
      "nll": 5.692337540921515,
      "ece": 0.19601910828025482,
      "mean_std": 2.0355440721800546
    }
  }
}