{
  "overall": {
    "rmse": 11.539091011078522,
    "nll": 24.85560537067499,
    "ece": 0.40485436893203886,
    "mae": 9.512228134729456,
    "training_time": 7.332142353057861,
    "region_id_time": 6.05110502243042,
    "inference_time": 0.11656713485717773,
    "peak_memory_mb": 85.10418796539307,
    "mean_std": 1.686434379160553,
    "std_std": 0.0014696811584568813
  },
  "per_region": {
    "low": {
      "n_points": 62,
      "pct_points": 30.097087378640776,
      "rmse": 10.088183088564843,
      "nll": 19.286205233091234,
      "ece": 0.39032258064516134,
      "mean_std": 1.688620997946201
    },
    "medium": {
      "n_points": 76,
      "pct_points": 36.89320388349515,
      "rmse": 11.768909309503812,
      "nll": 25.818352425292773,
      "ece": 0.3907894736842105,
      "mean_std": 1.6854947436249896
    },
    "high": {
      "n_points": 68,
      "pct_points": 33.00970873786408,
      "rmse": 12.480955870089618,
      "nll": 28.857576435075593,
      "ece": 0.4338235294117647,
      "mean_std": 1.6854908782192675
    }
  }
}