{
  "overall": {
    "rmse": 0.5592766890977929,
    "nll": 22.310483618405343,
    "ece": 0.41080000000000005,
    "mae": 0.45616691776452306,
    "training_time": 10.262959480285645,
    "region_id_time": 8.51812744140625,
    "inference_time": 0.19031953811645508,
    "peak_memory_mb": 79.34158420562744,
    "mean_std": 0.08087874456349449,
    "std_std": 3.056792675531501e-05
  },
  "per_region": {
    "low": {
      "n_points": 293,
      "pct_points": 29.299999999999997,
      "rmse": 0.6592731603348858,
      "nll": 31.59889294251746,
      "ece": 0.41774744027303756,
      "mean_std": 0.08091979563679687
    },
    "medium": {
      "n_points": 408,
      "pct_points": 40.8,
      "rmse": 0.5201884771248032,
      "nll": 19.096085051544936,
      "ece": 0.4154411764705883,
      "mean_std": 0.08086181235898099
    },
    "high": {
      "n_points": 299,
      "pct_points": 29.9,
      "rmse": 0.500960227058092,
      "nll": 17.594666505743803,
      "ece": 0.3976588628762542,
      "mean_std": 0.080861622071735
    }
  }
}