{
  "rmse": 5.021418560644176,
  "nll": 24.705612247334827,
  "ece": 0.39055,
  "mae": 3.5723151940157916,
  "r2": 0.3442088623963321,
  "training_time": 0.37113475799560547,
  "inference_time": 0.3005995750427246,
  "inference_time_per_sample": 0.0001502997875213623,
  "mean_std": 0.6678406247847672,
  "std_std": 0.17160218020479528,
  "lengthscale": 1.0,
  "sigma_noise": 0.1
}