{
  "rmse": 16.79168160561396,
  "nll": 30.300728671187837,
  "ece": 0.38965,
  "mae": 11.931356718302963,
  "r2": 0.2824183071442865,
  "training_time": 0.3414015769958496,
  "inference_time": 0.316495418548584,
  "inference_time_per_sample": 0.000158247709274292,
  "mean_std": 2.176537474222963,
  "std_std": 0.05456026859241108,
  "lengthscale": 1.0,
  "sigma_noise": 0.1
}