{
  "rmse": 0.1350346485980811,
  "nll": 8.188641618568104,
  "ece": 0.35820622330689444,
  "mae": 0.10203319343204016,
  "r2": 0.7364685068174605,
  "training_time": 0.41999268531799316,
  "inference_time": 0.2972688674926758,
  "inference_time_per_sample": 0.00018137209731096754,
  "mean_std": 0.028667944230835796,
  "std_std": 0.0005866186147797406,
  "lengthscale": 1.0,
  "sigma_noise": 0.1
}