{
  "overall": {
    "rmse": 0.6519477330268458,
    "nll": 36.65203174113797,
    "ece": 0.4346000000000001,
    "mae": 0.541325318579276,
    "training_time": 8.308932542800903,
    "region_id_time": 7.810893297195435,
    "inference_time": 0.044493913650512695,
    "peak_memory_mb": 59.07128715515137,
    "mean_std": 0.0749291907369639,
    "std_std": 0.0035407516607628775
  },
  "per_region": {
    "low": {
      "n_points": 872,
      "pct_points": 87.2,
      "rmse": 0.6612161379975245,
      "nll": 38.654874761480485,
      "ece": 0.44151376146789,
      "mean_std": 0.07361344272243622
    },
    "medium": {
      "n_points": 64,
      "pct_points": 6.4,
      "rmse": 0.6311269133255291,
      "nll": 28.26751746034182,
      "ece": 0.36250000000000004,
      "mean_std": 0.08167748401925257
    },
    "high": {
      "n_points": 64,
      "pct_points": 6.4,
      "rmse": 0.5347163072477727,
      "nll": 17.747809869767245,
      "ece": 0.4125,
      "mean_std": 0.08610796415261499
    }
  }
}