{
  "overall": {
    "rmse": 0.5734109790528754,
    "nll": 23.59434016196389,
    "ece": 0.40559999999999996,
    "mae": 0.47315141933045857,
    "training_time": 5.118149995803833,
    "region_id_time": 4.064851760864258,
    "inference_time": 0.08591413497924805,
    "peak_memory_mb": 93.81675815582275,
    "mean_std": 0.08763401175360132,
    "std_std": 0.026164859384326555
  },
  "per_region": {
    "low": {
      "n_points": 824,
      "pct_points": 82.39999999999999,
      "rmse": 0.6036032722217666,
      "nll": 26.461457769857994,
      "ece": 0.43592233009708736,
      "mean_std": 0.0805749817494146
    },
    "medium": {
      "n_points": 108,
      "pct_points": 10.8,
      "rmse": 0.48638764052631106,
      "nll": 16.647366884372676,
      "ece": 0.387037037037037,
      "mean_std": 0.08051257871786932
    },
    "high": {
      "n_points": 68,
      "pct_points": 6.800000000000001,
      "rmse": 0.21132146138000146,
      "nll": -0.1149509398727231,
      "ece": 0.06764705882352942,
      "mean_std": 0.1844833572140265
    }
  }
}