{
  "overall": {
    "rmse": 0.5890046065194074,
    "nll": 25.12569938269108,
    "ece": 0.43099999999999994,
    "mae": 0.49155674965931445,
    "training_time": 3.861741542816162,
    "region_id_time": 3.4932801723480225,
    "inference_time": 0.031653642654418945,
    "peak_memory_mb": 147.24803733825684,
    "mean_std": 0.08056401041751517,
    "std_std": 3.453893653647912e-05
  },
  "per_region": {
    "low": {
      "n_points": 824,
      "pct_points": 82.39999999999999,
      "rmse": 0.6036032722217666,
      "nll": 26.461457769857994,
      "ece": 0.43592233009708736,
      "mean_std": 0.0805749817494146
    },
    "medium": {
      "n_points": 108,
      "pct_points": 10.8,
      "rmse": 0.48638764052631106,
      "nll": 16.647366884372676,
      "ece": 0.387037037037037,
      "mean_std": 0.08051257871786932
    },
    "high": {
      "n_points": 68,
      "pct_points": 6.800000000000001,
      "rmse": 0.5578706270723923,
      "nll": 22.405037600233047,
      "ece": 0.44117647058823534,
      "mean_std": 0.08051274933040657
    }
  }
}