{
  "rmse": 0.13093801053761528,
  "nll": -0.4220004117819802,
  "ece": 0.20176937156802927,
  "mae": 0.0998966858430521,
  "r2": 0.7522158276724968,
  "training_time": 0.26554131507873535,
  "inference_time": 0.05952191352844238,
  "inference_time_per_sample": 3.631599361100816e-05,
  "mean_std": 0.22391776066460178,
  "std_std": 0.023790656083655198,
  "lengthscale": 1.0,
  "sigma_noise": 0.1
}