{
  "rmse": 6.056828203396507,
  "nll": 4.169816308914039,
  "ece": 0.06261057173678534,
  "mae": 4.049930528483595,
  "r2": 0.8576334485513174,
  "training_time": 0.31008434295654297,
  "inference_time": 0.007678985595703125,
  "inference_time_per_sample": 3.7276629105354975e-05,
  "mean_std": 4.256967069830686,
  "std_std": 3.514681515149775,
  "lengthscale": 1.0,
  "sigma_noise": 0.1
}