{
  "overall": {
    "rmse": 4.382123866616466,
    "nll": 3.6269005413173234,
    "ece": 0.058583333333333314,
    "mae": 2.9474083113450207,
    "r2": 0.9511288827791865,
    "training_time": 22.9387264251709,
    "region_id_time": 13.514651536941528,
    "inference_time": 0.978302001953125,
    "peak_memory_mb": 58.89220905303955
  },
  "per_region": {
    "low": {
      "n_points": 575,
      "pct_points": 28.749999999999996,
      "rmse": 3.7958191159519683,
      "nll": 3.3673617849089608,
      "ece": 0.12069565217391305
    },
    "medium": {
      "n_points": 805,
      "pct_points": 40.25,
      "rmse": 4.520107696913707,
      "nll": 4.096277061655046,
      "ece": 0.14832298136645966
    },
    "high": {
      "n_points": 620,
      "pct_points": 31.0,
      "rmse": 4.696262040662491,
      "nll": 3.2581693898059427,
      "ece": 0.307258064516129
    }
  }
}