{
  "overall": {
    "rmse": 4.3775891905379085,
    "nll": 3.6261397092422145,
    "ece": 0.059633333333333316,
    "mae": 2.9418605063938856,
    "r2": 0.951229975321581,
    "training_time": 48.14642000198364,
    "region_id_time": 23.75613021850586,
    "inference_time": 2.1931228637695312,
    "peak_memory_mb": 58.8863410949707
  },
  "per_region": {
    "low": {
      "n_points": 579,
      "pct_points": 28.95,
      "rmse": 3.8311590938070132,
      "nll": 3.3997986920015717,
      "ece": 0.12487046632124352
    },
    "medium": {
      "n_points": 795,
      "pct_points": 39.75,
      "rmse": 4.5085427815163674,
      "nll": 4.083659687160626,
      "ece": 0.14377358490566042
    },
    "high": {
      "n_points": 626,
      "pct_points": 31.3,
      "rmse": 4.672707789332348,
      "nll": 3.2544513171291087,
      "ece": 0.3083067092651757
    }
  }
}