{
  "overall": {
    "rmse": 9.948925028401908,
    "nll": 16.432381267618943,
    "ece": 0.21601941747572817,
    "mae": 7.665751786615959,
    "r2": 0.6158774788131567,
    "training_time": 8.165995121002197,
    "region_id_time": 5.506333112716675,
    "inference_time": 0.3155386447906494,
    "peak_memory_mb": 56.80831718444824
  },
  "per_region": {
    "low": {
      "n_points": 65,
      "pct_points": 31.55339805825243,
      "rmse": 9.950619001884558,
      "nll": 18.802981434227416,
      "ece": 0.39384615384615385
    },
    "medium": {
      "n_points": 73,
      "pct_points": 35.43689320388349,
      "rmse": 11.937099798728147,
      "nll": 26.520086862291823,
      "ece": 0.3863013698630137
    },
    "high": {
      "n_points": 68,
      "pct_points": 33.00970873786408,
      "rmse": 7.227457477934183,
      "nll": 3.336917749373782,
      "ece": 0.1407516339869281
    }
  }
}