{
  "overall": {
    "rmse": 10.09364519065935,
    "nll": 16.95197538109249,
    "ece": 0.22621359223300974,
    "mae": 7.810340828481257,
    "r2": 0.6046210686682927,
    "training_time": 6.2271881103515625,
    "region_id_time": 4.893883228302002,
    "inference_time": 0.10038328170776367,
    "peak_memory_mb": 57.08992099761963
  },
  "per_region": {
    "low": {
      "n_points": 65,
      "pct_points": 31.55339805825243,
      "rmse": 9.977481393862098,
      "nll": 18.896945668100706,
      "ece": 0.3953846153846154
    },
    "medium": {
      "n_points": 75,
      "pct_points": 36.407766990291265,
      "rmse": 12.105355625026023,
      "nll": 27.232059608384105,
      "ece": 0.38933333333333336
    },
    "high": {
      "n_points": 66,
      "pct_points": 32.038834951456316,
      "rmse": 7.309596538892078,
      "nll": 3.3545604462075564,
      "ece": 0.13
    }
  }
}