{
  "n_total": 10000,
  "n_high": 3000,
  "n_medium": 4000,
  "n_low": 3000,
  "pct_high": 30.0,
  "pct_medium": 40.0,
  "pct_low": 30.0,
  "importance_mean": 0.41725302155838856,
  "importance_std": 0.10635667522562288,
  "importance_min": 0.0033337133914081818,
  "importance_max": 0.9999999999823632,
  "uncertainty_mean": 5.355077982432484,
  "uncertainty_std": 0.6347777668553153,
  "density_mean": 0.012949920666607216,
  "density_std": 0.020664251406086097,
  "fitting_time": 30.52188777923584
}