{
  "n_total": 10000,
  "n_high": 3000,
  "n_medium": 4000,
  "n_low": 3000,
  "pct_high": 30.0,
  "pct_medium": 40.0,
  "pct_low": 30.0,
  "importance_mean": 0.4114540839711441,
  "importance_std": 0.11193158738471044,
  "importance_min": 0.002954299696695888,
  "importance_max": 0.999999999981384,
  "uncertainty_mean": 5.359374726609366,
  "uncertainty_std": 0.6310910790434936,
  "density_mean": 0.012949920666607216,
  "density_std": 0.020664251406086097,
  "fitting_time": 14.157403230667114
}