{
  "rmse": 5.614263632113308,
  "nll": 3.4421279301924588,
  "ece": 0.3004854368932039,
  "mae": 3.632999388802382,
  "r2": 0.8776784266007306,
  "mean_std": 11.896212352877626,
  "std_std": 4.64422972484167,
  "inference_time": 0.060753583908081055,
  "inference_time_per_sample": 0.0002949203102334032,
  "training_time": 1.7806525230407715,
  "n_train": 824,
  "n_test": 206
}