{
  "overall": {
    "rmse": 4.620047827666062,
    "nll": 4.260577096514657,
    "ece": 0.14004999999999998,
    "mae": 3.1120309952695417,
    "training_time": 1.8834152221679688,
    "region_id_time": 1.3801071643829346,
    "inference_time": 0.2541673183441162,
    "peak_memory_mb": 196.42927169799805,
    "mean_std": 2.0086316230344896,
    "std_std": 0.0008038091135905381
  },
  "per_region": {
    "low": {
      "n_points": 0
    },
    "medium": {
      "n_points": 70,
      "pct_points": 3.5000000000000004,
      "rmse": 1.904269594960176,
      "nll": 2.065765996487542,
      "ece": 0.07714285714285714,
      "mean_std": 2.008241202981577
    },
    "high": {
      "n_points": 1930,
      "pct_points": 96.5,
      "rmse": 4.689081511944514,
      "nll": 4.340181644184035,
      "ece": 0.1479274611398964,
      "mean_std": 2.0086457833472893
    }
  }
}