{
  "overall": {
    "rmse": 5.167529709006683,
    "nll": 3.5442163591031797,
    "ece": 0.10955000000000002,
    "mae": 3.6474296673220357,
    "training_time": 13.365672588348389,
    "region_id_time": 12.516860008239746,
    "inference_time": 0.4963257312774658,
    "peak_memory_mb": 79.86817932128906,
    "mean_std": 2.8985725205687936,
    "std_std": 0.2354120889522756
  },
  "per_region": {
    "low": {
      "n_points": 0
    },
    "medium": {
      "n_points": 66,
      "pct_points": 3.3000000000000003,
      "rmse": 2.314259457108132,
      "nll": 2.4190271070585223,
      "ece": 0.16515151515151516,
      "mean_std": 1.62423376974407
    },
    "high": {
      "n_points": 1934,
      "pct_points": 96.7,
      "rmse": 5.237544637943892,
      "nll": 3.5826147513653033,
      "ece": 0.10765253360910035,
      "mean_std": 2.942060812996111
    }
  }
}