{
  "overall": {
    "rmse": 4.872254395318251,
    "nll": 2.9934597683922175,
    "ece": 0.2504,
    "mae": 2.873329609050924,
    "training_time": 2.4058010578155518,
    "region_id_time": 1.4596877098083496,
    "inference_time": 0.1315767765045166,
    "peak_memory_mb": 97.07270336151123,
    "mean_std": 7.12615320492042,
    "std_std": 2.303009464031193
  },
  "per_region": {
    "low": {
      "n_points": 0
    },
    "medium": {
      "n_points": 70,
      "pct_points": 3.5000000000000004,
      "rmse": 1.904269594960176,
      "nll": 2.065765996487542,
      "ece": 0.07714285714285714,
      "mean_std": 2.008241202981577
    },
    "high": {
      "n_points": 1930,
      "pct_points": 96.5,
      "rmse": 4.946547903769654,
      "nll": 3.0271066927618167,
      "ece": 0.2566839378238342,
      "mean_std": 7.311776956286076
    }
  }
}