{
  "n_total": 10000,
  "n_high": 3000,
  "n_medium": 4000,
  "n_low": 3000,
  "pct_high": 30.0,
  "pct_medium": 40.0,
  "pct_low": 30.0,
  "importance_mean": 0.2674468821878294,
  "importance_std": 0.16644937007446003,
  "importance_min": 0.008363062735911472,
  "importance_max": 0.9950553320137756,
  "uncertainty_mean": 6.9473069075330685,
  "uncertainty_std": 1.945250117401474,
  "density_mean": 0.2608538709840264,
  "density_std": 0.13966227412641605,
  "fitting_time": 29.399909019470215
}