{
  "n_total": 10000,
  "n_high": 3000,
  "n_medium": 4000,
  "n_low": 3000,
  "pct_high": 30.0,
  "pct_medium": 40.0,
  "pct_low": 30.0,
  "importance_mean": 0.2674618442780501,
  "importance_std": 0.16641828730125766,
  "importance_min": 0.008486879438551254,
  "importance_max": 0.9950553320137729,
  "uncertainty_mean": 6.931133003964086,
  "uncertainty_std": 1.9433907803193486,
  "density_mean": 0.2608538709840264,
  "density_std": 0.13966227412641605,
  "fitting_time": 11.768183708190918
}