{
  "rmse": 4.567893794967646,
  "nll": 13.141980446562341,
  "ece": 0.29650000000000004,
  "mae": 3.4603868471034094,
  "r2": 0.4573189058209114,
  "training_time": 0.2787930965423584,
  "inference_time": 0.07365822792053223,
  "inference_time_per_sample": 3.682911396026611e-05,
  "mean_std": 1.4760333179898266,
  "std_std": 1.3405371067262835,
  "lengthscale": 1.0,
  "sigma_noise": 0.1
}