{
  "rmse": 0.0786614268621464,
  "nll": -0.7050260476828654,
  "ece": 0.2812690665039659,
  "mae": 0.06068826396783649,
  "r2": 0.9105736046243891,
  "mean_std": 0.18249257627413082,
  "std_std": 0.031108271790227668,
  "inference_time": 1.2168879508972168,
  "inference_time_per_sample": 0.0007424575661361908,
  "training_time": 14.388258695602417,
  "n_train": 5000,
  "n_test": 1639
}