{
  "concrete": {
    "overall": {
      "rmse": 16.096932030645196,
      "nll": 46.01208666917452,
      "ece": 0.44271844660194176,
      "mae": 13.18840854069207,
      "training_time": 4.242955207824707,
      "region_id_time": 3.91474986076355,
      "inference_time": 0.009417295455932617,
      "peak_memory_mb": 55.933735847473145,
      "mean_std": 1.7051277885242386,
      "std_std": 1.0926620412373041e-05
    },
    "per_region": {
      "low": {
        "n_points": 0
      },
      "medium": {
        "n_points": 0
      },
      "high": {
        "n_points": 206,
        "pct_points": 100.0,
        "rmse": 16.096932030645196,
        "nll": 46.01208666917452,
        "ece": 0.44271844660194176,
        "mean_std": 1.7051277885242386
      }
    }
  },
  "protein": {
    "overall": {
      "rmse": 6.288673328925636,
      "nll": 45.32568597377084,
      "ece": 0.4778,
      "mae": 5.768136505963579,
      "training_time": 15.808549404144287,
      "region_id_time": 15.217079401016235,
      "inference_time": 0.7323558330535889,
      "peak_memory_mb": 78.4968490600586,
      "mean_std": 0.6607394104975376,
      "std_std": 0.047284866277893994
    },
    "per_region": {
      "low": {
        "n_points": 83,
        "pct_points": 4.15,
        "rmse": 4.380857297395154,
        "nll": 39.10069429405249,
        "ece": 0.4746987951807229,
        "mean_std": 0.49679073142481023
      },
      "medium": {
        "n_points": 219,
        "pct_points": 10.95,
        "rmse": 5.22177226081689,
        "nll": 41.6415795015273,
        "ece": 0.47671232876712333,
        "mean_std": 0.5747134576756713
      },
      "high": {
        "n_points": 1698,
        "pct_points": 84.89999999999999,
        "rmse": 6.490477013227913,
        "nll": 46.10512862797457,
        "ece": 0.47809187279151943,
        "mean_std": 0.6798486119292367
      }
    }
  },
  "robot_arm": {
    "overall": {
      "rmse": 0.12076851478820094,
      "nll": 6.6340242118500345,
      "ece": 0.37583892617449666,
      "mae": 0.09745648178279112,
      "training_time": 10.938225984573364,
      "region_id_time": 10.419260025024414,
      "inference_time": 0.43311381340026855,
      "peak_memory_mb": 71.47978019714355,
      "mean_std": 0.028001849581578947,
      "std_std": 9.745427441130785e-05
    },
    "per_region": {
      "low": {
        "n_points": 0
      },
      "medium": {
        "n_points": 0
      },
      "high": {
        "n_points": 1639,
        "pct_points": 100.0,
        "rmse": 0.12076851478820094,
        "nll": 6.6340242118500345,
        "ece": 0.37583892617449666,
        "mean_std": 0.028001849581578947
      }
    }
  },
  "sarcos": {
    "overall": {
      "rmse": 5.167529709006683,
      "nll": 3.5442163591031797,
      "ece": 0.10955000000000002,
      "mae": 3.6474296673220357,
      "training_time": 13.365672588348389,
      "region_id_time": 12.516860008239746,
      "inference_time": 0.4963257312774658,
      "peak_memory_mb": 79.86817932128906,
      "mean_std": 2.8985725205687936,
      "std_std": 0.2354120889522756
    },
    "per_region": {
      "low": {
        "n_points": 0
      },
      "medium": {
        "n_points": 66,
        "pct_points": 3.3000000000000003,
        "rmse": 2.314259457108132,
        "nll": 2.4190271070585223,
        "ece": 0.16515151515151516,
        "mean_std": 1.62423376974407
      },
      "high": {
        "n_points": 1934,
        "pct_points": 96.7,
        "rmse": 5.237544637943892,
        "nll": 3.5826147513653033,
        "ece": 0.10765253360910035,
        "mean_std": 2.942060812996111
      }
    }
  },
  "synthetic_heteroscedastic": {
    "overall": {
      "rmse": 0.6519477330268458,
      "nll": 36.65203174113797,
      "ece": 0.4346000000000001,
      "mae": 0.541325318579276,
      "training_time": 8.308932542800903,
      "region_id_time": 7.810893297195435,
      "inference_time": 0.044493913650512695,
      "peak_memory_mb": 59.07128715515137,
      "mean_std": 0.0749291907369639,
      "std_std": 0.0035407516607628775
    },
    "per_region": {
      "low": {
        "n_points": 872,
        "pct_points": 87.2,
        "rmse": 0.6612161379975245,
        "nll": 38.654874761480485,
        "ece": 0.44151376146789,
        "mean_std": 0.07361344272243622
      },
      "medium": {
        "n_points": 64,
        "pct_points": 6.4,
        "rmse": 0.6311269133255291,
        "nll": 28.26751746034182,
        "ece": 0.36250000000000004,
        "mean_std": 0.08167748401925257
      },
      "high": {
        "n_points": 64,
        "pct_points": 6.4,
        "rmse": 0.5347163072477727,
        "nll": 17.747809869767245,
        "ece": 0.4125,
        "mean_std": 0.08610796415261499
      }
    }
  }
}