{
  "synthetic_heteroscedastic": {
    "overall": {
      "rmse": 0.5734109790528754,
      "nll": 23.59434016196389,
      "ece": 0.40559999999999996,
      "mae": 0.47315141933045857,
      "training_time": 5.118149995803833,
      "region_id_time": 4.064851760864258,
      "inference_time": 0.08591413497924805,
      "peak_memory_mb": 93.81675815582275,
      "mean_std": 0.08763401175360132,
      "std_std": 0.026164859384326555
    },
    "per_region": {
      "low": {
        "n_points": 824,
        "pct_points": 82.39999999999999,
        "rmse": 0.6036032722217666,
        "nll": 26.461457769857994,
        "ece": 0.43592233009708736,
        "mean_std": 0.0805749817494146
      },
      "medium": {
        "n_points": 108,
        "pct_points": 10.8,
        "rmse": 0.48638764052631106,
        "nll": 16.647366884372676,
        "ece": 0.387037037037037,
        "mean_std": 0.08051257871786932
      },
      "high": {
        "n_points": 68,
        "pct_points": 6.800000000000001,
        "rmse": 0.21132146138000146,
        "nll": -0.1149509398727231,
        "ece": 0.06764705882352942,
        "mean_std": 0.1844833572140265
      }
    }
  },
  "concrete": {
    "overall": {
      "rmse": 5.466292972776529,
      "nll": 3.09822469307567,
      "ece": 0.04281553398058251,
      "mae": 4.245491596754991,
      "training_time": 1.0104377269744873,
      "region_id_time": 0.5152990818023682,
      "inference_time": 0.06670403480529785,
      "peak_memory_mb": 16.410072326660156,
      "mean_std": 5.939274627078709,
      "std_std": 1.462370180583442
    },
    "per_region": {
      "low": {
        "n_points": 0
      },
      "medium": {
        "n_points": 0
      },
      "high": {
        "n_points": 206,
        "pct_points": 100.0,
        "rmse": 5.466292972776529,
        "nll": 3.09822469307567,
        "ece": 0.04281553398058251,
        "mean_std": 5.939274627078709
      }
    }
  },
  "protein": {
    "overall": {
      "rmse": 4.932161653891931,
      "nll": 10.078896932896445,
      "ece": 0.04833333333333334,
      "mae": 3.989804076724947,
      "training_time": 2.6378300189971924,
      "region_id_time": 1.5874137878417969,
      "inference_time": 0.11889791488647461,
      "peak_memory_mb": 95.38455581665039,
      "mean_std": 4.707240531263178,
      "std_std": 2.06035094121121
    },
    "per_region": {
      "low": {
        "n_points": 98,
        "pct_points": 4.9,
        "rmse": 5.7105503702933085,
        "nll": 43.83504791490511,
        "ece": 0.4948979591836735,
        "mean_std": 0.6129002155774973
      },
      "medium": {
        "n_points": 285,
        "pct_points": 14.249999999999998,
        "rmse": 5.353080801815775,
        "nll": 38.57553982656017,
        "ece": 0.48245614035087725,
        "mean_std": 0.6128625299014614
      },
      "high": {
        "n_points": 1617,
        "pct_points": 80.85,
        "rmse": 4.802198094158829,
        "nll": 3.0104702038110958,
        "ece": 0.07829313543599256,
        "mean_std": 5.6770259866282275
      }
    }
  },
  "robot_arm": {
    "overall": {
      "rmse": 0.08664414503756496,
      "nll": -0.8712982214810407,
      "ece": 0.18871262965222696,
      "mae": 0.06563008109533289,
      "training_time": 2.5298264026641846,
      "region_id_time": 1.5702173709869385,
      "inference_time": 0.14836978912353516,
      "peak_memory_mb": 78.4573917388916,
      "mean_std": 0.1405134512249168,
      "std_std": 0.022637415212985974
    },
    "per_region": {
      "low": {
        "n_points": 0
      },
      "medium": {
        "n_points": 0
      },
      "high": {
        "n_points": 1639,
        "pct_points": 100.0,
        "rmse": 0.08664414503756496,
        "nll": -0.8712982214810407,
        "ece": 0.18871262965222696,
        "mean_std": 0.1405134512249168
      }
    }
  },
  "sarcos": {
    "overall": {
      "rmse": 4.872254395318251,
      "nll": 2.9934597683922175,
      "ece": 0.2504,
      "mae": 2.873329609050924,
      "training_time": 2.4058010578155518,
      "region_id_time": 1.4596877098083496,
      "inference_time": 0.1315767765045166,
      "peak_memory_mb": 97.07270336151123,
      "mean_std": 7.12615320492042,
      "std_std": 2.303009464031193
    },
    "per_region": {
      "low": {
        "n_points": 0
      },
      "medium": {
        "n_points": 70,
        "pct_points": 3.5000000000000004,
        "rmse": 1.904269594960176,
        "nll": 2.065765996487542,
        "ece": 0.07714285714285714,
        "mean_std": 2.008241202981577
      },
      "high": {
        "n_points": 1930,
        "pct_points": 96.5,
        "rmse": 4.946547903769654,
        "nll": 3.0271066927618167,
        "ece": 0.2566839378238342,
        "mean_std": 7.311776956286076
      }
    }
  }
}