{
  "synthetic_heteroscedastic": {
    "overall": {
      "rmse": 0.5890046065194074,
      "nll": 25.12569938269108,
      "ece": 0.43099999999999994,
      "mae": 0.49155674965931445,
      "training_time": 3.861741542816162,
      "region_id_time": 3.4932801723480225,
      "inference_time": 0.031653642654418945,
      "peak_memory_mb": 147.24803733825684,
      "mean_std": 0.08056401041751517,
      "std_std": 3.453893653647912e-05
    },
    "per_region": {
      "low": {
        "n_points": 824,
        "pct_points": 82.39999999999999,
        "rmse": 0.6036032722217666,
        "nll": 26.461457769857994,
        "ece": 0.43592233009708736,
        "mean_std": 0.0805749817494146
      },
      "medium": {
        "n_points": 108,
        "pct_points": 10.8,
        "rmse": 0.48638764052631106,
        "nll": 16.647366884372676,
        "ece": 0.387037037037037,
        "mean_std": 0.08051257871786932
      },
      "high": {
        "n_points": 68,
        "pct_points": 6.800000000000001,
        "rmse": 0.5578706270723923,
        "nll": 22.405037600233047,
        "ece": 0.44117647058823534,
        "mean_std": 0.08051274933040657
      }
    }
  },
  "concrete": {
    "overall": {
      "rmse": 11.409775257602563,
      "nll": 23.933305108761584,
      "ece": 0.40922330097087384,
      "mae": 9.270469775693396,
      "training_time": 0.7111258506774902,
      "region_id_time": 0.5450150966644287,
      "inference_time": 0.026131868362426758,
      "peak_memory_mb": 38.80974102020264,
      "mean_std": 1.7015173919231532,
      "std_std": 5.5156834528291115e-06
    },
    "per_region": {
      "low": {
        "n_points": 0
      },
      "medium": {
        "n_points": 0
      },
      "high": {
        "n_points": 206,
        "pct_points": 100.0,
        "rmse": 11.409775257602563,
        "nll": 23.933305108761584,
        "ece": 0.40922330097087384,
        "mean_std": 1.7015173919231532
      }
    }
  },
  "protein": {
    "overall": {
      "rmse": 6.071112579445983,
      "nll": 49.495086228691875,
      "ece": 0.47895,
      "mae": 5.434601702697172,
      "training_time": 1.9338304996490479,
      "region_id_time": 1.4926726818084717,
      "inference_time": 0.15976810455322266,
      "peak_memory_mb": 194.65456104278564,
      "mean_std": 0.6128641031528816,
      "std_std": 8.19807909983112e-06
    },
    "per_region": {
      "low": {
        "n_points": 98,
        "pct_points": 4.9,
        "rmse": 5.7105503702933085,
        "nll": 43.83504791490511,
        "ece": 0.4948979591836735,
        "mean_std": 0.6129002155774973
      },
      "medium": {
        "n_points": 285,
        "pct_points": 14.249999999999998,
        "rmse": 5.353080801815775,
        "nll": 38.57553982656017,
        "ece": 0.48245614035087725,
        "mean_std": 0.6128625299014614
      },
      "high": {
        "n_points": 1617,
        "pct_points": 80.85,
        "rmse": 6.209802732511868,
        "nll": 51.76271423076896,
        "ece": 0.47736549165120595,
        "mean_std": 0.6128621918102982
      }
    }
  },
  "robot_arm": {
    "overall": {
      "rmse": 0.08844647503516606,
      "nll": 2.7324051379513032,
      "ece": 0.28913971934106164,
      "mae": 0.06662470866577555,
      "training_time": 1.8628523349761963,
      "region_id_time": 1.5050275325775146,
      "inference_time": 0.16129684448242188,
      "peak_memory_mb": 161.15656757354736,
      "mean_std": 0.02674497323361414,
      "std_std": 0.0004941099755117036
    },
    "per_region": {
      "low": {
        "n_points": 0
      },
      "medium": {
        "n_points": 0
      },
      "high": {
        "n_points": 1639,
        "pct_points": 100.0,
        "rmse": 0.08844647503516606,
        "nll": 2.7324051379513032,
        "ece": 0.28913971934106164,
        "mean_std": 0.02674497323361414
      }
    }
  },
  "sarcos": {
    "overall": {
      "rmse": 4.620047827666062,
      "nll": 4.260577096514657,
      "ece": 0.14004999999999998,
      "mae": 3.1120309952695417,
      "training_time": 1.8462448120117188,
      "region_id_time": 1.4322142601013184,
      "inference_time": 0.20436382293701172,
      "peak_memory_mb": 196.42689990997314,
      "mean_std": 2.0086316230344896,
      "std_std": 0.0008038091135905381
    },
    "per_region": {
      "low": {
        "n_points": 0
      },
      "medium": {
        "n_points": 70,
        "pct_points": 3.5000000000000004,
        "rmse": 1.904269594960176,
        "nll": 2.065765996487542,
        "ece": 0.07714285714285714,
        "mean_std": 2.008241202981577
      },
      "high": {
        "n_points": 1930,
        "pct_points": 96.5,
        "rmse": 4.689081511944514,
        "nll": 4.340181644184035,
        "ece": 0.1479274611398964,
        "mean_std": 2.0086457833472893
      }
    }
  }
}