{
  "rmse": 4.472081198573917,
  "nll": 2.9360568077395235,
  "ece": 0.11548217800131204,
  "mae": 3.3517672909017837,
  "r2": 0.4685600706541643,
  "mean_std": 5.543349001239864,
  "std_std": 0.6521727830790411,
  "inference_time": 1.7599034309387207,
  "inference_time_per_sample": 0.00019242329225221087,
  "training_time": 27.468380212783813,
  "n_train": 5000,
  "n_test": 9146
}