{
  "overall": {
    "rmse": 0.08844647503516606,
    "nll": 2.7324051379513032,
    "ece": 0.28913971934106164,
    "mae": 0.06662470866577555,
    "training_time": 1.8628523349761963,
    "region_id_time": 1.5050275325775146,
    "inference_time": 0.16129684448242188,
    "peak_memory_mb": 161.15656757354736,
    "mean_std": 0.02674497323361414,
    "std_std": 0.0004941099755117036
  },
  "per_region": {
    "low": {
      "n_points": 0
    },
    "medium": {
      "n_points": 0
    },
    "high": {
      "n_points": 1639,
      "pct_points": 100.0,
      "rmse": 0.08844647503516606,
      "nll": 2.7324051379513032,
      "ece": 0.28913971934106164,
      "mean_std": 0.02674497323361414
    }
  }
}