{
  "overall": {
    "rmse": 0.12076851478820094,
    "nll": 6.6340242118500345,
    "ece": 0.37583892617449666,
    "mae": 0.09745648178279112,
    "training_time": 10.938225984573364,
    "region_id_time": 10.419260025024414,
    "inference_time": 0.43311381340026855,
    "peak_memory_mb": 71.47978019714355,
    "mean_std": 0.028001849581578947,
    "std_std": 9.745427441130785e-05
  },
  "per_region": {
    "low": {
      "n_points": 0
    },
    "medium": {
      "n_points": 0
    },
    "high": {
      "n_points": 1639,
      "pct_points": 100.0,
      "rmse": 0.12076851478820094,
      "nll": 6.6340242118500345,
      "ece": 0.37583892617449666,
      "mean_std": 0.028001849581578947
    }
  }
}