{
  "overall": {
    "rmse": 0.08664414503756496,
    "nll": -0.8712982214810407,
    "ece": 0.18871262965222696,
    "mae": 0.06563008109533289,
    "training_time": 2.5298264026641846,
    "region_id_time": 1.5702173709869385,
    "inference_time": 0.14836978912353516,
    "peak_memory_mb": 78.4573917388916,
    "mean_std": 0.1405134512249168,
    "std_std": 0.022637415212985974
  },
  "per_region": {
    "low": {
      "n_points": 0
    },
    "medium": {
      "n_points": 0
    },
    "high": {
      "n_points": 1639,
      "pct_points": 100.0,
      "rmse": 0.08664414503756496,
      "nll": -0.8712982214810407,
      "ece": 0.18871262965222696,
      "mean_std": 0.1405134512249168
    }
  }
}