{
  "rmse": 0.14174379275368906,
  "nll": 0.8188926963668852,
  "ece": 0.44110000000000005,
  "mae": 0.1083597404457433,
  "r2": 0.9682935078580903,
  "mean_std": 0.9011652650526824,
  "std_std": 0.121620237421038,
  "inference_time": 4.205611705780029,
  "inference_time_per_sample": 0.00420561170578003,
  "training_time": 20.272915363311768,
  "n_train": 4000,
  "n_test": 1000
}