{
  "overall": {
    "rmse": 5.530819057831118,
    "nll": 29.19309035477156,
    "ece": 0.31245000000000006,
    "mae": 4.89933374565323,
    "r2": 0.20440581989108175,
    "training_time": 100.67766213417053,
    "region_id_time": 46.26219320297241,
    "inference_time": 3.959660530090332,
    "peak_memory_mb": 57.331671714782715
  },
  "per_region": {
    "low": {
      "n_points": 537,
      "pct_points": 26.85,
      "rmse": 5.433599086953219,
      "nll": 40.144597033279645,
      "ece": 0.476536312849162
    },
    "medium": {
      "n_points": 784,
      "pct_points": 39.2,
      "rmse": 5.709439500481077,
      "nll": 44.28512032478245,
      "ece": 0.47295918367346934
    },
    "high": {
      "n_points": 679,
      "pct_points": 33.95,
      "rmse": 5.395811264810098,
      "nll": 3.106035004480874,
      "ece": 0.012495499918180324
    }
  }
}