{
  "overall": {
    "rmse": 5.529557281307513,
    "nll": 29.296091050014525,
    "ece": 0.31385,
    "mae": 4.903138145223755,
    "r2": 0.20476878513726482,
    "training_time": 45.582093954086304,
    "region_id_time": 22.27408742904663,
    "inference_time": 3.861804246902466,
    "peak_memory_mb": 57.328232765197754
  },
  "per_region": {
    "low": {
      "n_points": 531,
      "pct_points": 26.55,
      "rmse": 5.4146155835623215,
      "nll": 39.86753636783884,
      "ece": 0.47570621468926555
    },
    "medium": {
      "n_points": 795,
      "pct_points": 39.75,
      "rmse": 5.719456047641406,
      "nll": 44.43915387214707,
      "ece": 0.4732075471698114
    },
    "high": {
      "n_points": 674,
      "pct_points": 33.7,
      "rmse": 5.389562321389115,
      "nll": 3.1059242735158987,
      "ece": 0.011615562149686768
    }
  }
}