{
  "concrete": {
    "overall": {
      "rmse": 11.539091011078522,
      "nll": 24.85560537067499,
      "ece": 0.40485436893203886,
      "mae": 9.512228134729456,
      "training_time": 7.332142353057861,
      "region_id_time": 6.05110502243042,
      "inference_time": 0.11656713485717773,
      "peak_memory_mb": 85.10418796539307,
      "mean_std": 1.686434379160553,
      "std_std": 0.0014696811584568813
    },
    "per_region": {
      "low": {
        "n_points": 62,
        "pct_points": 30.097087378640776,
        "rmse": 10.088183088564843,
        "nll": 19.286205233091234,
        "ece": 0.39032258064516134,
        "mean_std": 1.688620997946201
      },
      "medium": {
        "n_points": 76,
        "pct_points": 36.89320388349515,
        "rmse": 11.768909309503812,
        "nll": 25.818352425292773,
        "ece": 0.3907894736842105,
        "mean_std": 1.6854947436249896
      },
      "high": {
        "n_points": 68,
        "pct_points": 33.00970873786408,
        "rmse": 12.480955870089618,
        "nll": 28.857576435075593,
        "ece": 0.4338235294117647,
        "mean_std": 1.6854908782192675
      }
    }
  },
  "protein": {
    "overall": {
      "rmse": 6.201499905360845,
      "nll": 52.169897656154546,
      "ece": 0.4766000000000001,
      "mae": 5.574631450819559,
      "training_time": 27.37802481651306,
      "region_id_time": 25.053356409072876,
      "inference_time": 0.7079920768737793,
      "peak_memory_mb": 153.9093198776245,
      "mean_std": 0.6096006666077692,
      "std_std": 1.6587037002298522e-05
    },
    "per_region": {
      "low": {
        "n_points": 539,
        "pct_points": 26.950000000000003,
        "rmse": 5.437408300823291,
        "nll": 40.20030859737269,
        "ece": 0.4760667903525047,
        "mean_std": 0.6096279713134547
      },
      "medium": {
        "n_points": 778,
        "pct_points": 38.9,
        "rmse": 5.667854237741596,
        "nll": 43.6485132399825,
        "ece": 0.4754498714652957,
        "mean_std": 0.6095909000380111
      },
      "high": {
        "n_points": 683,
        "pct_points": 34.150000000000006,
        "rmse": 7.258914843494191,
        "nll": 71.32252661437603,
        "ece": 0.47833089311859445,
        "mean_std": 0.609590243701338
      }
    }
  },
  "robot_arm": {
    "overall": {
      "rmse": 0.11565173965971846,
      "nll": 5.8838580366651,
      "ece": 0.33654667480170836,
      "mae": 0.08720537153446459,
      "training_time": 20.858076095581055,
      "region_id_time": 18.906700372695923,
      "inference_time": 0.7428719997406006,
      "peak_memory_mb": 126.94596576690674,
      "mean_std": 0.028088041920090432,
      "std_std": 0.0017332965229723218
    },
    "per_region": {
      "low": {
        "n_points": 467,
        "pct_points": 28.49298352654057,
        "rmse": 0.1293452660660805,
        "nll": 9.231398133449929,
        "ece": 0.3822269807280514,
        "mean_std": 0.02646279057649244
      },
      "medium": {
        "n_points": 635,
        "pct_points": 38.743136058572304,
        "rmse": 0.10633508556632487,
        "nll": 3.8407548353769663,
        "ece": 0.3144881889763779,
        "mean_std": 0.029624669573547827
      },
      "high": {
        "n_points": 537,
        "pct_points": 32.763880414887126,
        "rmse": 0.11359304156809077,
        "nll": 5.38864259461566,
        "ece": 0.32290502793296094,
        "mean_std": 0.027684380500192503
      }
    }
  },
  "sarcos": {
    "overall": {
      "rmse": 4.777521238502334,
      "nll": 4.38365318773847,
      "ece": 0.15510000000000002,
      "mae": 3.2529269649495873,
      "training_time": 20.18631148338318,
      "region_id_time": 17.81291627883911,
      "inference_time": 0.8031361103057861,
      "peak_memory_mb": 155.52973651885986,
      "mean_std": 2.035520119213038,
      "std_std": 0.0012971492864702172
    },
    "per_region": {
      "low": {
        "n_points": 583,
        "pct_points": 29.15,
        "rmse": 3.776320966801037,
        "nll": 3.3495746214170237,
        "ece": 0.12384219554030876,
        "mean_std": 2.0362462992372454
      },
      "medium": {
        "n_points": 789,
        "pct_points": 39.45,
        "rmse": 4.529108073000562,
        "nll": 4.106104430281498,
        "ece": 0.14562737642585555,
        "mean_std": 2.0349644722961817
      },
      "high": {
        "n_points": 628,
        "pct_points": 31.4,
        "rmse": 5.803424424591999,
        "nll": 5.692337540921515,
        "ece": 0.19601910828025482,
        "mean_std": 2.0355440721800546
      }
    }
  },
  "synthetic_heteroscedastic": {
    "overall": {
      "rmse": 0.5592766890977929,
      "nll": 22.310483618405343,
      "ece": 0.41080000000000005,
      "mae": 0.45616691776452306,
      "training_time": 10.262959480285645,
      "region_id_time": 8.51812744140625,
      "inference_time": 0.19031953811645508,
      "peak_memory_mb": 79.34158420562744,
      "mean_std": 0.08087874456349449,
      "std_std": 3.056792675531501e-05
    },
    "per_region": {
      "low": {
        "n_points": 293,
        "pct_points": 29.299999999999997,
        "rmse": 0.6592731603348858,
        "nll": 31.59889294251746,
        "ece": 0.41774744027303756,
        "mean_std": 0.08091979563679687
      },
      "medium": {
        "n_points": 408,
        "pct_points": 40.8,
        "rmse": 0.5201884771248032,
        "nll": 19.096085051544936,
        "ece": 0.4154411764705883,
        "mean_std": 0.08086181235898099
      },
      "high": {
        "n_points": 299,
        "pct_points": 29.9,
        "rmse": 0.500960227058092,
        "nll": 17.594666505743803,
        "ece": 0.3976588628762542,
        "mean_std": 0.080861622071735
      }
    }
  }
}