{
  "exact_gp": {
    "rmse": 5.617603150128345,
    "nll": 3.4406008701783724,
    "ece": 0.29368932038834955,
    "training_time": 2.5604732036590576,
    "inference_time": 0.252011775970459,
    "n_train": 824
  },
  "rff": {
    "rmse": 11.490243922959474,
    "nll": 24.541345377876937,
    "ece": 0.4106796116504855,
    "training_time": 0.6139059066772461,
    "inference_time": 0.05820655822753906,
    "n_components": 1000,
    "lengthscale": 260.6568042465034
  },
  "nystrom": {
    "rmse": 11.573414605464505,
    "nll": 25.015366101013836,
    "ece": 0.40922330097087384,
    "training_time": 0.4879488945007324,
    "inference_time": 0.010843276977539062,
    "n_landmarks": 500,
    "lengthscale": 260.6568042465034
  }
}