{
  "exact_gp": {
    "rmse": 5.623549203573107,
    "nll": 3.4418641597365345,
    "ece": 0.2946601941747573,
    "training_time": 1.9150841236114502,
    "inference_time": 0.12147021293640137,
    "n_train": 824
  },
  "rff": {
    "rmse": 11.490243922959474,
    "nll": 24.541345377876937,
    "ece": 0.4106796116504855,
    "training_time": 0.6963362693786621,
    "inference_time": 0.06993651390075684,
    "n_components": 1000,
    "lengthscale": 260.6568042465034
  },
  "nystrom": {
    "rmse": 11.573414605464505,
    "nll": 25.015366101013836,
    "ece": 0.40922330097087384,
    "training_time": 0.5022721290588379,
    "inference_time": 0.012268304824829102,
    "n_landmarks": 500,
    "lengthscale": 260.6568042465034
  }
}