{
  "exact_gp": {
    "rmse": 4.475389639703897,
    "nll": 2.9372761210479896,
    "ece": 0.11446534003936144,
    "training_time": 31.170133352279663,
    "inference_time": 1.7479846477508545,
    "n_train": 5000
  },
  "rff": {
    "rmse": 6.134557706136212,
    "nll": 50.75982583745891,
    "ece": 0.47452438224360377,
    "training_time": 1.561915397644043,
    "inference_time": 2.1361424922943115,
    "n_components": 1000,
    "lengthscale": 484049.7048203959
  },
  "nystrom": {
    "rmse": 6.134575771470443,
    "nll": 50.76138585045444,
    "ece": 0.4745353159851301,
    "training_time": 1.2742559909820557,
    "inference_time": 0.46451354026794434,
    "n_landmarks": 500,
    "lengthscale": 484049.7048203959
  }
}