{
  "exact_gp": {
    "rmse": 4.478505497430415,
    "nll": 2.935882308146541,
    "ece": 0.11263940520446096,
    "training_time": 29.943639039993286,
    "inference_time": 2.334745407104492,
    "n_train": 5000
  },
  "rff": {
    "rmse": 6.134557706136212,
    "nll": 50.75982583745891,
    "ece": 0.47452438224360377,
    "training_time": 1.9951262474060059,
    "inference_time": 2.41965651512146,
    "n_components": 1000,
    "lengthscale": 484049.7048203959
  },
  "nystrom": {
    "rmse": 6.134575771470443,
    "nll": 50.76138585045444,
    "ece": 0.4745353159851301,
    "training_time": 1.1757233142852783,
    "inference_time": 0.43414974212646484,
    "n_landmarks": 500,
    "lengthscale": 484049.7048203959
  }
}