{
  "exact_gp": {
    "rmse": 0.07856925887623008,
    "nll": -0.7067543255042359,
    "ece": 0.27712019524100057,
    "training_time": 23.09127187728882,
    "inference_time": 1.0185260772705078,
    "n_train": 5000
  },
  "rff": {
    "rmse": 0.10636990831149883,
    "nll": 4.827317562506875,
    "ece": 0.312934716290421,
    "training_time": 0.8813917636871338,
    "inference_time": 0.39494991302490234,
    "n_components": 1000,
    "lengthscale": 3.5449678404693357
  },
  "nystrom": {
    "rmse": 0.09901416467268741,
    "nll": 3.300414721220172,
    "ece": 0.30201342281879195,
    "training_time": 0.7202622890472412,
    "inference_time": 0.07614827156066895,
    "n_landmarks": 500,
    "lengthscale": 3.5449678404693357
  }
}