{
  "exact_gp": {
    "rmse": 0.07850095101178287,
    "nll": -0.7084668663267754,
    "ece": 0.27681513117754725,
    "training_time": 20.30926513671875,
    "inference_time": 1.2610893249511719,
    "n_train": 5000
  },
  "rff": {
    "rmse": 0.10636990831149883,
    "nll": 4.827317562506875,
    "ece": 0.312934716290421,
    "training_time": 0.7087063789367676,
    "inference_time": 0.4710662364959717,
    "n_components": 1000,
    "lengthscale": 3.5449678404693357
  },
  "nystrom": {
    "rmse": 0.09901416467268741,
    "nll": 3.300414721220172,
    "ece": 0.30201342281879195,
    "training_time": 0.6728792190551758,
    "inference_time": 0.11545825004577637,
    "n_landmarks": 500,
    "lengthscale": 3.5449678404693357
  }
}