{
  "exact_gp": {
    "rmse": 3.021286858413733,
    "nll": 2.9760644419938886,
    "ece": 0.32324512107898234,
    "training_time": 18.905122756958008,
    "inference_time": 2.1223230361938477,
    "n_train": 5000
  },
  "rff": {
    "rmse": 4.176746620562048,
    "nll": 3.7043292047652865,
    "ece": 0.10915500153264535,
    "training_time": 1.570847749710083,
    "inference_time": 2.3815829753875732,
    "n_components": 1000,
    "lengthscale": 29.931445185772724
  },
  "nystrom": {
    "rmse": 4.190414062439049,
    "nll": 3.7219932228723405,
    "ece": 0.11084091141309901,
    "training_time": 1.3345715999603271,
    "inference_time": 0.487520694732666,
    "n_landmarks": 500,
    "lengthscale": 29.931445185772724
  }
}