{
  "exact_gp": {
    "rmse": 3.0271331374851784,
    "nll": 2.98445185683176,
    "ece": 0.3238377439460508,
    "training_time": 20.445197820663452,
    "inference_time": 1.9142765998840332,
    "n_train": 5000
  },
  "rff": {
    "rmse": 4.176746620562048,
    "nll": 3.7043292047652865,
    "ece": 0.10915500153264535,
    "training_time": 1.7067492008209229,
    "inference_time": 2.2836380004882812,
    "n_components": 1000,
    "lengthscale": 29.931445185772724
  },
  "nystrom": {
    "rmse": 4.190414062439049,
    "nll": 3.7219932228723405,
    "ece": 0.11084091141309901,
    "training_time": 1.3577320575714111,
    "inference_time": 0.508955717086792,
    "n_landmarks": 500,
    "lengthscale": 29.931445185772724
  }
}