{
  "concrete": {
    "exact_gp": {
      "rmse": 5.623549203573107,
      "nll": 3.4418641597365345,
      "ece": 0.2946601941747573,
      "training_time": 1.9150841236114502,
      "inference_time": 0.12147021293640137,
      "n_train": 824
    },
    "rff": {
      "rmse": 11.490243922959474,
      "nll": 24.541345377876937,
      "ece": 0.4106796116504855,
      "training_time": 0.6963362693786621,
      "inference_time": 0.06993651390075684,
      "n_components": 1000,
      "lengthscale": 260.6568042465034
    },
    "nystrom": {
      "rmse": 11.573414605464505,
      "nll": 25.015366101013836,
      "ece": 0.40922330097087384,
      "training_time": 0.5022721290588379,
      "inference_time": 0.012268304824829102,
      "n_landmarks": 500,
      "lengthscale": 260.6568042465034
    }
  },
  "protein": {
    "exact_gp": {
      "rmse": 4.475389639703897,
      "nll": 2.9372761210479896,
      "ece": 0.11446534003936144,
      "training_time": 31.170133352279663,
      "inference_time": 1.7479846477508545,
      "n_train": 5000
    },
    "rff": {
      "rmse": 6.134557706136212,
      "nll": 50.75982583745891,
      "ece": 0.47452438224360377,
      "training_time": 1.561915397644043,
      "inference_time": 2.1361424922943115,
      "n_components": 1000,
      "lengthscale": 484049.7048203959
    },
    "nystrom": {
      "rmse": 6.134575771470443,
      "nll": 50.76138585045444,
      "ece": 0.4745353159851301,
      "training_time": 1.2742559909820557,
      "inference_time": 0.46451354026794434,
      "n_landmarks": 500,
      "lengthscale": 484049.7048203959
    }
  },
  "robot_arm": {
    "exact_gp": {
      "rmse": 0.07856925887623008,
      "nll": -0.7067543255042359,
      "ece": 0.27712019524100057,
      "training_time": 23.09127187728882,
      "inference_time": 1.0185260772705078,
      "n_train": 5000
    },
    "rff": {
      "rmse": 0.10636990831149883,
      "nll": 4.827317562506875,
      "ece": 0.312934716290421,
      "training_time": 0.8813917636871338,
      "inference_time": 0.39494991302490234,
      "n_components": 1000,
      "lengthscale": 3.5449678404693357
    },
    "nystrom": {
      "rmse": 0.09901416467268741,
      "nll": 3.300414721220172,
      "ece": 0.30201342281879195,
      "training_time": 0.7202622890472412,
      "inference_time": 0.07614827156066895,
      "n_landmarks": 500,
      "lengthscale": 3.5449678404693357
    }
  },
  "sarcos": {
    "exact_gp": {
      "rmse": 3.0271331374851784,
      "nll": 2.98445185683176,
      "ece": 0.3238377439460508,
      "training_time": 20.445197820663452,
      "inference_time": 1.9142765998840332,
      "n_train": 5000
    },
    "rff": {
      "rmse": 4.176746620562048,
      "nll": 3.7043292047652865,
      "ece": 0.10915500153264535,
      "training_time": 1.7067492008209229,
      "inference_time": 2.2836380004882812,
      "n_components": 1000,
      "lengthscale": 29.931445185772724
    },
    "nystrom": {
      "rmse": 4.190414062439049,
      "nll": 3.7219932228723405,
      "ece": 0.11084091141309901,
      "training_time": 1.3577320575714111,
      "inference_time": 0.508955717086792,
      "n_landmarks": 500,
      "lengthscale": 29.931445185772724
    }
  },
  "synthetic_heteroscedastic": {
    "exact_gp": {
      "rmse": 0.1424379328379323,
      "nll": 0.8198049452607055,
      "ece": 0.43990000000000007,
      "training_time": 14.917897462844849,
      "inference_time": 2.2819254398345947,
      "n_train": 4000
    },
    "rff": {
      "rmse": 0.49985270480401506,
      "nll": 17.47114024127872,
      "ece": 0.40469999999999995,
      "training_time": 0.6883604526519775,
      "inference_time": 0.29378676414489746,
      "n_components": 1000,
      "lengthscale": 5.108332582226969
    },
    "nystrom": {
      "rmse": 0.4981156864244879,
      "nll": 17.377393937302532,
      "ece": 0.3973,
      "training_time": 0.5474984645843506,
      "inference_time": 0.07203006744384766,
      "n_landmarks": 500,
      "lengthscale": 5.108332582226969
    }
  }
}