{
  "concrete": {
    "exact_gp": {
      "rmse": 5.617603150128345,
      "nll": 3.4406008701783724,
      "ece": 0.29368932038834955,
      "training_time": 2.5604732036590576,
      "inference_time": 0.252011775970459,
      "n_train": 824
    },
    "rff": {
      "rmse": 11.490243922959474,
      "nll": 24.541345377876937,
      "ece": 0.4106796116504855,
      "training_time": 0.6139059066772461,
      "inference_time": 0.05820655822753906,
      "n_components": 1000,
      "lengthscale": 260.6568042465034
    },
    "nystrom": {
      "rmse": 11.573414605464505,
      "nll": 25.015366101013836,
      "ece": 0.40922330097087384,
      "training_time": 0.4879488945007324,
      "inference_time": 0.010843276977539062,
      "n_landmarks": 500,
      "lengthscale": 260.6568042465034
    }
  },
  "protein": {
    "exact_gp": {
      "rmse": 4.478505497430415,
      "nll": 2.935882308146541,
      "ece": 0.11263940520446096,
      "training_time": 29.943639039993286,
      "inference_time": 2.334745407104492,
      "n_train": 5000
    },
    "rff": {
      "rmse": 6.134557706136212,
      "nll": 50.75982583745891,
      "ece": 0.47452438224360377,
      "training_time": 1.9951262474060059,
      "inference_time": 2.41965651512146,
      "n_components": 1000,
      "lengthscale": 484049.7048203959
    },
    "nystrom": {
      "rmse": 6.134575771470443,
      "nll": 50.76138585045444,
      "ece": 0.4745353159851301,
      "training_time": 1.1757233142852783,
      "inference_time": 0.43414974212646484,
      "n_landmarks": 500,
      "lengthscale": 484049.7048203959
    }
  },
  "robot_arm": {
    "exact_gp": {
      "rmse": 0.07850095101178287,
      "nll": -0.7084668663267754,
      "ece": 0.27681513117754725,
      "training_time": 20.30926513671875,
      "inference_time": 1.2610893249511719,
      "n_train": 5000
    },
    "rff": {
      "rmse": 0.10636990831149883,
      "nll": 4.827317562506875,
      "ece": 0.312934716290421,
      "training_time": 0.7087063789367676,
      "inference_time": 0.4710662364959717,
      "n_components": 1000,
      "lengthscale": 3.5449678404693357
    },
    "nystrom": {
      "rmse": 0.09901416467268741,
      "nll": 3.300414721220172,
      "ece": 0.30201342281879195,
      "training_time": 0.6728792190551758,
      "inference_time": 0.11545825004577637,
      "n_landmarks": 500,
      "lengthscale": 3.5449678404693357
    }
  },
  "sarcos": {
    "exact_gp": {
      "rmse": 3.021286858413733,
      "nll": 2.9760644419938886,
      "ece": 0.32324512107898234,
      "training_time": 18.905122756958008,
      "inference_time": 2.1223230361938477,
      "n_train": 5000
    },
    "rff": {
      "rmse": 4.176746620562048,
      "nll": 3.7043292047652865,
      "ece": 0.10915500153264535,
      "training_time": 1.570847749710083,
      "inference_time": 2.3815829753875732,
      "n_components": 1000,
      "lengthscale": 29.931445185772724
    },
    "nystrom": {
      "rmse": 4.190414062439049,
      "nll": 3.7219932228723405,
      "ece": 0.11084091141309901,
      "training_time": 1.3345715999603271,
      "inference_time": 0.487520694732666,
      "n_landmarks": 500,
      "lengthscale": 29.931445185772724
    }
  },
  "synthetic_heteroscedastic": {
    "exact_gp": {
      "rmse": 0.1393977435441922,
      "nll": 0.6068546066372597,
      "ece": 0.42010000000000003,
      "training_time": 11.993431091308594,
      "inference_time": 2.2356460094451904,
      "n_train": 4000
    },
    "rff": {
      "rmse": 0.49985270480401506,
      "nll": 17.47114024127872,
      "ece": 0.40469999999999995,
      "training_time": 0.790841817855835,
      "inference_time": 0.2669854164123535,
      "n_components": 1000,
      "lengthscale": 5.108332582226969
    },
    "nystrom": {
      "rmse": 0.4981156864244879,
      "nll": 17.377393937302532,
      "ece": 0.3973,
      "training_time": 0.5603768825531006,
      "inference_time": 0.06515097618103027,
      "n_landmarks": 500,
      "lengthscale": 5.108332582226969
    }
  }
}