{
  "concrete": {
    "rff": {
      "rmse": 6.861319300789712,
      "nll": 3.9720352083022803,
      "ece": 0.1184466019417476,
      "mae": 4.401516173261251,
      "r2": 0.8173024536040019,
      "training_time": 0.28735995292663574,
      "inference_time": 0.035590410232543945,
      "inference_time_per_sample": 0.00017276898171137838,
      "mean_std": 3.073847892580307,
      "std_std": 1.9046613199356228,
      "lengthscale": 1.0,
      "sigma_noise": 0.1
    },
    "nystrom": {
      "rmse": 6.056828203396507,
      "nll": 4.169816308914039,
      "ece": 0.06261057173678534,
      "mae": 4.049930528483595,
      "r2": 0.8576334485513174,
      "training_time": 0.31008434295654297,
      "inference_time": 0.007678985595703125,
      "inference_time_per_sample": 3.7276629105354975e-05,
      "mean_std": 4.256967069830686,
      "std_std": 3.514681515149775,
      "lengthscale": 1.0,
      "sigma_noise": 0.1
    }
  },
  "protein": {
    "rff": {
      "rmse": 5.021418560644176,
      "nll": 24.705612247334827,
      "ece": 0.39055,
      "mae": 3.5723151940157916,
      "r2": 0.3442088623963321,
      "training_time": 0.37113475799560547,
      "inference_time": 0.3005995750427246,
      "inference_time_per_sample": 0.0001502997875213623,
      "mean_std": 0.6678406247847672,
      "std_std": 0.17160218020479528,
      "lengthscale": 1.0,
      "sigma_noise": 0.1
    },
    "nystrom": {
      "rmse": 4.567893794967646,
      "nll": 13.141980446562341,
      "ece": 0.29650000000000004,
      "mae": 3.4603868471034094,
      "r2": 0.4573189058209114,
      "training_time": 0.2787930965423584,
      "inference_time": 0.07365822792053223,
      "inference_time_per_sample": 3.682911396026611e-05,
      "mean_std": 1.4760333179898266,
      "std_std": 1.3405371067262835,
      "lengthscale": 1.0,
      "sigma_noise": 0.1
    }
  },
  "robot_arm": {
    "rff": {
      "rmse": 0.1350346485980811,
      "nll": 8.188641618568104,
      "ece": 0.35820622330689444,
      "mae": 0.10203319343204016,
      "r2": 0.7364685068174605,
      "training_time": 0.41999268531799316,
      "inference_time": 0.2972688674926758,
      "inference_time_per_sample": 0.00018137209731096754,
      "mean_std": 0.028667944230835796,
      "std_std": 0.0005866186147797406,
      "lengthscale": 1.0,
      "sigma_noise": 0.1
    },
    "nystrom": {
      "rmse": 0.13093801053761528,
      "nll": -0.4220004117819802,
      "ece": 0.20176937156802927,
      "mae": 0.0998966858430521,
      "r2": 0.7522158276724968,
      "training_time": 0.26554131507873535,
      "inference_time": 0.05952191352844238,
      "inference_time_per_sample": 3.631599361100816e-05,
      "mean_std": 0.22391776066460178,
      "std_std": 0.023790656083655198,
      "lengthscale": 1.0,
      "sigma_noise": 0.1
    }
  },
  "sarcos": {
    "rff": {
      "rmse": 16.79168160561396,
      "nll": 30.300728671187837,
      "ece": 0.38965,
      "mae": 11.931356718302963,
      "r2": 0.2824183071442865,
      "training_time": 0.3414015769958496,
      "inference_time": 0.316495418548584,
      "inference_time_per_sample": 0.000158247709274292,
      "mean_std": 2.176537474222963,
      "std_std": 0.05456026859241108,
      "lengthscale": 1.0,
      "sigma_noise": 0.1
    },
    "nystrom": {
      "rmse": 14.914816564582896,
      "nll": 4.011779174246476,
      "ece": 0.1911,
      "mae": 9.130453723875418,
      "r2": 0.43386656879022534,
      "training_time": 0.2946949005126953,
      "inference_time": 0.08078455924987793,
      "inference_time_per_sample": 4.039227962493896e-05,
      "mean_std": 16.897767324120124,
      "std_std": 4.409185479129486,
      "lengthscale": 1.0,
      "sigma_noise": 0.1
    }
  },
  "synthetic_heteroscedastic": {
    "rff": {
      "rmse": 0.13317798564683372,
      "nll": -0.24888830270553888,
      "ece": 0.1213,
      "mae": 0.10118648730985663,
      "r2": 0.9720098657662293,
      "training_time": 0.3107266426086426,
      "inference_time": 0.15863466262817383,
      "inference_time_per_sample": 0.00015863466262817382,
      "mean_std": 0.08120944322524393,
      "std_std": 0.0002605894761199077,
      "lengthscale": 1.0,
      "sigma_noise": 0.1
    },
    "nystrom": {
      "rmse": 0.13212492273597592,
      "nll": -0.26132781210810346,
      "ece": 0.12090000000000001,
      "mae": 0.10036503538808482,
      "r2": 0.9724507620372597,
      "training_time": 0.34101009368896484,
      "inference_time": 0.03869128227233887,
      "inference_time_per_sample": 3.8691282272338864e-05,
      "mean_std": 0.08086750336031237,
      "std_std": 9.961879301319819e-06,
      "lengthscale": 1.0,
      "sigma_noise": 0.1
    }
  }
}