{
  "exact_gp": {
    "rmse": 0.1424379328379323,
    "nll": 0.8198049452607055,
    "ece": 0.43990000000000007,
    "training_time": 14.917897462844849,
    "inference_time": 2.2819254398345947,
    "n_train": 4000
  },
  "rff": {
    "rmse": 0.49985270480401506,
    "nll": 17.47114024127872,
    "ece": 0.40469999999999995,
    "training_time": 0.6883604526519775,
    "inference_time": 0.29378676414489746,
    "n_components": 1000,
    "lengthscale": 5.108332582226969
  },
  "nystrom": {
    "rmse": 0.4981156864244879,
    "nll": 17.377393937302532,
    "ece": 0.3973,
    "training_time": 0.5474984645843506,
    "inference_time": 0.07203006744384766,
    "n_landmarks": 500,
    "lengthscale": 5.108332582226969
  }
}