{
  "exact_gp": {
    "rmse": 0.1393977435441922,
    "nll": 0.6068546066372597,
    "ece": 0.42010000000000003,
    "training_time": 11.993431091308594,
    "inference_time": 2.2356460094451904,
    "n_train": 4000
  },
  "rff": {
    "rmse": 0.49985270480401506,
    "nll": 17.47114024127872,
    "ece": 0.40469999999999995,
    "training_time": 0.790841817855835,
    "inference_time": 0.2669854164123535,
    "n_components": 1000,
    "lengthscale": 5.108332582226969
  },
  "nystrom": {
    "rmse": 0.4981156864244879,
    "nll": 17.377393937302532,
    "ece": 0.3973,
    "training_time": 0.5603768825531006,
    "inference_time": 0.06515097618103027,
    "n_landmarks": 500,
    "lengthscale": 5.108332582226969
  }
}