{
  "overall": {
    "rmse": 6.201499905360845,
    "nll": 52.169897656154546,
    "ece": 0.4766000000000001,
    "mae": 5.574631450819559,
    "training_time": 27.37802481651306,
    "region_id_time": 25.053356409072876,
    "inference_time": 0.7079920768737793,
    "peak_memory_mb": 153.9093198776245,
    "mean_std": 0.6096006666077692,
    "std_std": 1.6587037002298522e-05
  },
  "per_region": {
    "low": {
      "n_points": 539,
      "pct_points": 26.950000000000003,
      "rmse": 5.437408300823291,
      "nll": 40.20030859737269,
      "ece": 0.4760667903525047,
      "mean_std": 0.6096279713134547
    },
    "medium": {
      "n_points": 778,
      "pct_points": 38.9,
      "rmse": 5.667854237741596,
      "nll": 43.6485132399825,
      "ece": 0.4754498714652957,
      "mean_std": 0.6095909000380111
    },
    "high": {
      "n_points": 683,
      "pct_points": 34.150000000000006,
      "rmse": 7.258914843494191,
      "nll": 71.32252661437603,
      "ece": 0.47833089311859445,
      "mean_std": 0.609590243701338
    }
  }
}