{
  "rmse": 0.13317798564683372,
  "nll": -0.24888830270553888,
  "ece": 0.1213,
  "mae": 0.10118648730985663,
  "r2": 0.9720098657662293,
  "training_time": 0.3107266426086426,
  "inference_time": 0.15863466262817383,
  "inference_time_per_sample": 0.00015863466262817382,
  "mean_std": 0.08120944322524393,
  "std_std": 0.0002605894761199077,
  "lengthscale": 1.0,
  "sigma_noise": 0.1
}