{
  "concrete": {
    "overall": {
      "rmse": 10.09364519065935,
      "nll": 16.95197538109249,
      "ece": 0.22621359223300974,
      "mae": 7.810340828481257,
      "r2": 0.6046210686682927,
      "training_time": 6.2271881103515625,
      "region_id_time": 4.893883228302002,
      "inference_time": 0.10038328170776367,
      "peak_memory_mb": 57.08992099761963
    },
    "per_region": {
      "low": {
        "n_points": 65,
        "pct_points": 31.55339805825243,
        "rmse": 9.977481393862098,
        "nll": 18.896945668100706,
        "ece": 0.3953846153846154
      },
      "medium": {
        "n_points": 75,
        "pct_points": 36.407766990291265,
        "rmse": 12.105355625026023,
        "nll": 27.232059608384105,
        "ece": 0.38933333333333336
      },
      "high": {
        "n_points": 66,
        "pct_points": 32.038834951456316,
        "rmse": 7.309596538892078,
        "nll": 3.3545604462075564,
        "ece": 0.13
      }
    }
  },
  "protein": {
    "overall": {
      "rmse": 5.530819057831118,
      "nll": 29.19309035477156,
      "ece": 0.31245000000000006,
      "mae": 4.89933374565323,
      "r2": 0.20440581989108175,
      "training_time": 100.67766213417053,
      "region_id_time": 46.26219320297241,
      "inference_time": 3.959660530090332,
      "peak_memory_mb": 57.331671714782715
    },
    "per_region": {
      "low": {
        "n_points": 537,
        "pct_points": 26.85,
        "rmse": 5.433599086953219,
        "nll": 40.144597033279645,
        "ece": 0.476536312849162
      },
      "medium": {
        "n_points": 784,
        "pct_points": 39.2,
        "rmse": 5.709439500481077,
        "nll": 44.28512032478245,
        "ece": 0.47295918367346934
      },
      "high": {
        "n_points": 679,
        "pct_points": 33.95,
        "rmse": 5.395811264810098,
        "nll": 3.106035004480874,
        "ece": 0.012495499918180324
      }
    }
  },
  "robot_arm": {
    "overall": {
      "rmse": 0.11014067007303122,
      "nll": 4.151619865576801,
      "ece": 0.16973764490543014,
      "mae": 0.0839567429361702,
      "r2": 0.8246775567725363,
      "training_time": 23.12598752975464,
      "region_id_time": 13.89829397201538,
      "inference_time": 1.2548277378082275,
      "peak_memory_mb": 46.966121673583984
    },
    "per_region": {
      "low": {
        "n_points": 472,
        "pct_points": 28.798047589993896,
        "rmse": 0.1316303007761023,
        "nll": 9.655382514460808,
        "ece": 0.37648305084745765
      },
      "medium": {
        "n_points": 644,
        "pct_points": 39.292251372788286,
        "rmse": 0.10944635351817913,
        "nll": 4.148331239981364,
        "ece": 0.3172360248447205
      },
      "high": {
        "n_points": 523,
        "pct_points": 31.909701037217815,
        "rmse": 0.08734859557072067,
        "nll": -0.8113975252258588,
        "ece": 0.19847036328871895
      }
    }
  },
  "sarcos": {
    "overall": {
      "rmse": 4.382123866616466,
      "nll": 3.6269005413173234,
      "ece": 0.058583333333333314,
      "mae": 2.9474083113450207,
      "r2": 0.9511288827791865,
      "training_time": 22.9387264251709,
      "region_id_time": 13.514651536941528,
      "inference_time": 0.978302001953125,
      "peak_memory_mb": 58.89220905303955
    },
    "per_region": {
      "low": {
        "n_points": 575,
        "pct_points": 28.749999999999996,
        "rmse": 3.7958191159519683,
        "nll": 3.3673617849089608,
        "ece": 0.12069565217391305
      },
      "medium": {
        "n_points": 805,
        "pct_points": 40.25,
        "rmse": 4.520107696913707,
        "nll": 4.096277061655046,
        "ece": 0.14832298136645966
      },
      "high": {
        "n_points": 620,
        "pct_points": 31.0,
        "rmse": 4.696262040662491,
        "nll": 3.2581693898059427,
        "ece": 0.307258064516129
      }
    }
  },
  "synthetic_heteroscedastic": {
    "overall": {
      "rmse": 0.4930765934729946,
      "nll": 16.85289991089667,
      "ece": 0.26000000000000006,
      "mae": 0.36860891010923524,
      "r2": 0.6163202561521487,
      "training_time": 15.868476867675781,
      "region_id_time": 8.895113945007324,
      "inference_time": 0.7414333820343018,
      "peak_memory_mb": 28.628562927246094
    },
    "per_region": {
      "low": {
        "n_points": 292,
        "pct_points": 29.2,
        "rmse": 0.6573087330803205,
        "nll": 31.40130194105869,
        "ece": 0.4174657534246576
      },
      "medium": {
        "n_points": 408,
        "pct_points": 40.8,
        "rmse": 0.5213049307501344,
        "nll": 19.185002375940318,
        "ece": 0.4154411764705883
      },
      "high": {
        "n_points": 300,
        "pct_points": 30.0,
        "rmse": 0.1424421642181956,
        "nll": -0.47920408425372907,
        "ece": 0.10466666666666666
      }
    }
  }
}