{
  "concrete": {
    "overall": {
      "rmse": 9.948925028401908,
      "nll": 16.432381267618943,
      "ece": 0.21601941747572817,
      "mae": 7.665751786615959,
      "r2": 0.6158774788131567,
      "training_time": 8.165995121002197,
      "region_id_time": 5.506333112716675,
      "inference_time": 0.3155386447906494,
      "peak_memory_mb": 56.80831718444824
    },
    "per_region": {
      "low": {
        "n_points": 65,
        "pct_points": 31.55339805825243,
        "rmse": 9.950619001884558,
        "nll": 18.802981434227416,
        "ece": 0.39384615384615385
      },
      "medium": {
        "n_points": 73,
        "pct_points": 35.43689320388349,
        "rmse": 11.937099798728147,
        "nll": 26.520086862291823,
        "ece": 0.3863013698630137
      },
      "high": {
        "n_points": 68,
        "pct_points": 33.00970873786408,
        "rmse": 7.227457477934183,
        "nll": 3.336917749373782,
        "ece": 0.1407516339869281
      }
    }
  },
  "protein": {
    "overall": {
      "rmse": 5.529557281307513,
      "nll": 29.296091050014525,
      "ece": 0.31385,
      "mae": 4.903138145223755,
      "r2": 0.20476878513726482,
      "training_time": 45.582093954086304,
      "region_id_time": 22.27408742904663,
      "inference_time": 3.861804246902466,
      "peak_memory_mb": 57.328232765197754
    },
    "per_region": {
      "low": {
        "n_points": 531,
        "pct_points": 26.55,
        "rmse": 5.4146155835623215,
        "nll": 39.86753636783884,
        "ece": 0.47570621468926555
      },
      "medium": {
        "n_points": 795,
        "pct_points": 39.75,
        "rmse": 5.719456047641406,
        "nll": 44.43915387214707,
        "ece": 0.4732075471698114
      },
      "high": {
        "n_points": 674,
        "pct_points": 33.7,
        "rmse": 5.389562321389115,
        "nll": 3.1059242735158987,
        "ece": 0.011615562149686768
      }
    }
  },
  "robot_arm": {
    "overall": {
      "rmse": 0.1088645725334008,
      "nll": 3.9411837168802366,
      "ece": 0.1689444783404515,
      "mae": 0.08316908601210563,
      "r2": 0.8287166182929834,
      "training_time": 46.11920690536499,
      "region_id_time": 21.94970440864563,
      "inference_time": 2.8495841026306152,
      "peak_memory_mb": 46.95816612243652
    },
    "per_region": {
      "low": {
        "n_points": 469,
        "pct_points": 28.615009151921907,
        "rmse": 0.12973654781092567,
        "nll": 9.303046728306805,
        "ece": 0.3816631130063966
      },
      "medium": {
        "n_points": 638,
        "pct_points": 38.92617449664429,
        "rmse": 0.10757880505737248,
        "nll": 3.9618176231358717,
        "ece": 0.3147335423197492
      },
      "high": {
        "n_points": 532,
        "pct_points": 32.4588163514338,
        "rmse": 0.08828878848673108,
        "nll": -0.810467005958402,
        "ece": 0.19342105263157897
      }
    }
  },
  "sarcos": {
    "overall": {
      "rmse": 4.3775891905379085,
      "nll": 3.6261397092422145,
      "ece": 0.059633333333333316,
      "mae": 2.9418605063938856,
      "r2": 0.951229975321581,
      "training_time": 48.14642000198364,
      "region_id_time": 23.75613021850586,
      "inference_time": 2.1931228637695312,
      "peak_memory_mb": 58.8863410949707
    },
    "per_region": {
      "low": {
        "n_points": 579,
        "pct_points": 28.95,
        "rmse": 3.8311590938070132,
        "nll": 3.3997986920015717,
        "ece": 0.12487046632124352
      },
      "medium": {
        "n_points": 795,
        "pct_points": 39.75,
        "rmse": 4.5085427815163674,
        "nll": 4.083659687160626,
        "ece": 0.14377358490566042
      },
      "high": {
        "n_points": 626,
        "pct_points": 31.3,
        "rmse": 4.672707789332348,
        "nll": 3.2544513171291087,
        "ece": 0.3083067092651757
      }
    }
  },
  "synthetic_heteroscedastic": {
    "overall": {
      "rmse": 0.4928693841385176,
      "nll": 16.83830931271656,
      "ece": 0.2609,
      "mae": 0.36840295016369623,
      "r2": 0.6166426617197882,
      "training_time": 27.275970935821533,
      "region_id_time": 16.03049373626709,
      "inference_time": 0.41454529762268066,
      "peak_memory_mb": 28.623863220214844
    },
    "per_region": {
      "low": {
        "n_points": 291,
        "pct_points": 29.099999999999998,
        "rmse": 0.6577931305804773,
        "nll": 31.449948277242203,
        "ece": 0.4171821305841925
      },
      "medium": {
        "n_points": 409,
        "pct_points": 40.9,
        "rmse": 0.5208057884460021,
        "nll": 19.1452263167934,
        "ece": 0.4156479217603912
      },
      "high": {
        "n_points": 300,
        "pct_points": 30.0,
        "rmse": 0.14224743135486925,
        "nll": -0.4800773317647486,
        "ece": 0.10166666666666667
      }
    }
  }
}