{
  "overall": {
    "rmse": 6.071112579445983,
    "nll": 49.495086228691875,
    "ece": 0.47895,
    "mae": 5.434601702697172,
    "training_time": 2.1447510719299316,
    "region_id_time": 1.4007997512817383,
    "inference_time": 0.27278566360473633,
    "peak_memory_mb": 194.65229606628418,
    "mean_std": 0.6128641031528816,
    "std_std": 8.19807909983112e-06
  },
  "per_region": {
    "low": {
      "n_points": 98,
      "pct_points": 4.9,
      "rmse": 5.7105503702933085,
      "nll": 43.83504791490511,
      "ece": 0.4948979591836735,
      "mean_std": 0.6129002155774973
    },
    "medium": {
      "n_points": 285,
      "pct_points": 14.249999999999998,
      "rmse": 5.353080801815775,
      "nll": 38.57553982656017,
      "ece": 0.48245614035087725,
      "mean_std": 0.6128625299014614
    },
    "high": {
      "n_points": 1617,
      "pct_points": 80.85,
      "rmse": 6.209802732511868,
      "nll": 51.76271423076896,
      "ece": 0.47736549165120595,
      "mean_std": 0.6128621918102982
    }
  }
}