{
  "overall": {
    "rmse": 6.288673328925636,
    "nll": 45.32568597377084,
    "ece": 0.4778,
    "mae": 5.768136505963579,
    "training_time": 15.808549404144287,
    "region_id_time": 15.217079401016235,
    "inference_time": 0.7323558330535889,
    "peak_memory_mb": 78.4968490600586,
    "mean_std": 0.6607394104975376,
    "std_std": 0.047284866277893994
  },
  "per_region": {
    "low": {
      "n_points": 83,
      "pct_points": 4.15,
      "rmse": 4.380857297395154,
      "nll": 39.10069429405249,
      "ece": 0.4746987951807229,
      "mean_std": 0.49679073142481023
    },
    "medium": {
      "n_points": 219,
      "pct_points": 10.95,
      "rmse": 5.22177226081689,
      "nll": 41.6415795015273,
      "ece": 0.47671232876712333,
      "mean_std": 0.5747134576756713
    },
    "high": {
      "n_points": 1698,
      "pct_points": 84.89999999999999,
      "rmse": 6.490477013227913,
      "nll": 46.10512862797457,
      "ece": 0.47809187279151943,
      "mean_std": 0.6798486119292367
    }
  }
}