{
  "overall": {
    "rmse": 4.932161653891931,
    "nll": 10.078896932896445,
    "ece": 0.04833333333333334,
    "mae": 3.989804076724947,
    "training_time": 2.6378300189971924,
    "region_id_time": 1.5874137878417969,
    "inference_time": 0.11889791488647461,
    "peak_memory_mb": 95.38455581665039,
    "mean_std": 4.707240531263178,
    "std_std": 2.06035094121121
  },
  "per_region": {
    "low": {
      "n_points": 98,
      "pct_points": 4.9,
      "rmse": 5.7105503702933085,
      "nll": 43.83504791490511,
      "ece": 0.4948979591836735,
      "mean_std": 0.6129002155774973
    },
    "medium": {
      "n_points": 285,
      "pct_points": 14.249999999999998,
      "rmse": 5.353080801815775,
      "nll": 38.57553982656017,
      "ece": 0.48245614035087725,
      "mean_std": 0.6128625299014614
    },
    "high": {
      "n_points": 1617,
      "pct_points": 80.85,
      "rmse": 4.802198094158829,
      "nll": 3.0104702038110958,
      "ece": 0.07829313543599256,
      "mean_std": 5.6770259866282275
    }
  }
}