{
  "overall": {
    "rmse": 0.1088645725334008,
    "nll": 3.9411837168802366,
    "ece": 0.1689444783404515,
    "mae": 0.08316908601210563,
    "r2": 0.8287166182929834,
    "training_time": 46.11920690536499,
    "region_id_time": 21.94970440864563,
    "inference_time": 2.8495841026306152,
    "peak_memory_mb": 46.95816612243652
  },
  "per_region": {
    "low": {
      "n_points": 469,
      "pct_points": 28.615009151921907,
      "rmse": 0.12973654781092567,
      "nll": 9.303046728306805,
      "ece": 0.3816631130063966
    },
    "medium": {
      "n_points": 638,
      "pct_points": 38.92617449664429,
      "rmse": 0.10757880505737248,
      "nll": 3.9618176231358717,
      "ece": 0.3147335423197492
    },
    "high": {
      "n_points": 532,
      "pct_points": 32.4588163514338,
      "rmse": 0.08828878848673108,
      "nll": -0.810467005958402,
      "ece": 0.19342105263157897
    }
  }
}