{
  "overall": {
    "rmse": 0.11014067007303122,
    "nll": 4.151619865576801,
    "ece": 0.16973764490543014,
    "mae": 0.0839567429361702,
    "r2": 0.8246775567725363,
    "training_time": 23.12598752975464,
    "region_id_time": 13.89829397201538,
    "inference_time": 1.2548277378082275,
    "peak_memory_mb": 46.966121673583984
  },
  "per_region": {
    "low": {
      "n_points": 472,
      "pct_points": 28.798047589993896,
      "rmse": 0.1316303007761023,
      "nll": 9.655382514460808,
      "ece": 0.37648305084745765
    },
    "medium": {
      "n_points": 644,
      "pct_points": 39.292251372788286,
      "rmse": 0.10944635351817913,
      "nll": 4.148331239981364,
      "ece": 0.3172360248447205
    },
    "high": {
      "n_points": 523,
      "pct_points": 31.909701037217815,
      "rmse": 0.08734859557072067,
      "nll": -0.8113975252258588,
      "ece": 0.19847036328871895
    }
  }
}