{
  "n_total": 5000,
  "n_high": 1500,
  "n_medium": 2000,
  "n_low": 1500,
  "pct_high": 30.0,
  "pct_medium": 40.0,
  "pct_low": 30.0,
  "importance_mean": 0.16146748124669755,
  "importance_std": 0.09349371919181652,
  "importance_min": 0.00028266421449049727,
  "importance_max": 0.9999999936373807,
  "uncertainty_mean": 0.18048064460611327,
  "uncertainty_std": 0.0006755922854445545,
  "density_mean": 0.27296547332072457,
  "density_std": 0.1222619762101536,
  "fitting_time": 9.647694110870361
}