{
  "n_total": 5000,
  "n_high": 1500,
  "n_medium": 2000,
  "n_low": 1500,
  "pct_high": 30.0,
  "pct_medium": 40.0,
  "pct_low": 30.0,
  "importance_mean": 0.16154696486387327,
  "importance_std": 0.09345149122910604,
  "importance_min": 0.0002097198935098698,
  "importance_max": 0.9999999935265788,
  "uncertainty_mean": 0.18045311875779266,
  "uncertainty_std": 0.0006638277061148588,
  "density_mean": 0.27296547332072457,
  "density_std": 0.1222619762101536,
  "fitting_time": 26.569965362548828
}