{
  "rmse": 14.914816564582896,
  "nll": 4.011779174246476,
  "ece": 0.1911,
  "mae": 9.130453723875418,
  "r2": 0.43386656879022534,
  "training_time": 0.2946949005126953,
  "inference_time": 0.08078455924987793,
  "inference_time_per_sample": 4.039227962493896e-05,
  "mean_std": 16.897767324120124,
  "std_std": 4.409185479129486,
  "lengthscale": 1.0,
  "sigma_noise": 0.1
}