{
  "n_total": 8192,
  "n_high": 2458,
  "n_medium": 3276,
  "n_low": 2458,
  "pct_high": 30.0048828125,
  "pct_medium": 39.990234375,
  "pct_low": 30.0048828125,
  "importance_mean": 0.3926649347979564,
  "importance_std": 0.16616694049696423,
  "importance_min": 0.009775261443016886,
  "importance_max": 0.9999999994704272,
  "uncertainty_mean": 0.12894989897805278,
  "uncertainty_std": 0.019620461159784917,
  "density_mean": 0.3360736926233102,
  "density_std": 0.15075478537613396,
  "fitting_time": 9.948451519012451
}