{
  "overall": {
    "rmse": 5.466292972776529,
    "nll": 3.09822469307567,
    "ece": 0.04281553398058251,
    "mae": 4.245491596754991,
    "training_time": 1.0104377269744873,
    "region_id_time": 0.5152990818023682,
    "inference_time": 0.06670403480529785,
    "peak_memory_mb": 16.410072326660156,
    "mean_std": 5.939274627078709,
    "std_std": 1.462370180583442
  },
  "per_region": {
    "low": {
      "n_points": 0
    },
    "medium": {
      "n_points": 0
    },
    "high": {
      "n_points": 206,
      "pct_points": 100.0,
      "rmse": 5.466292972776529,
      "nll": 3.09822469307567,
      "ece": 0.04281553398058251,
      "mean_std": 5.939274627078709
    }
  }
}