{
  "overall": {
    "rmse": 16.096932030645196,
    "nll": 46.01208666917452,
    "ece": 0.44271844660194176,
    "mae": 13.18840854069207,
    "training_time": 4.242955207824707,
    "region_id_time": 3.91474986076355,
    "inference_time": 0.009417295455932617,
    "peak_memory_mb": 55.933735847473145,
    "mean_std": 1.7051277885242386,
    "std_std": 1.0926620412373041e-05
  },
  "per_region": {
    "low": {
      "n_points": 0
    },
    "medium": {
      "n_points": 0
    },
    "high": {
      "n_points": 206,
      "pct_points": 100.0,
      "rmse": 16.096932030645196,
      "nll": 46.01208666917452,
      "ece": 0.44271844660194176,
      "mean_std": 1.7051277885242386
    }
  }
}