{
  "overall": {
    "rmse": 11.409775257602563,
    "nll": 23.933305108761584,
    "ece": 0.40922330097087384,
    "mae": 9.270469775693396,
    "training_time": 0.5522685050964355,
    "region_id_time": 0.46802234649658203,
    "inference_time": 0.02169013023376465,
    "peak_memory_mb": 38.81086349487305,
    "mean_std": 1.7015173919231532,
    "std_std": 5.5156834528291115e-06
  },
  "per_region": {
    "low": {
      "n_points": 0
    },
    "medium": {
      "n_points": 0
    },
    "high": {
      "n_points": 206,
      "pct_points": 100.0,
      "rmse": 11.409775257602563,
      "nll": 23.933305108761584,
      "ece": 0.40922330097087384,
      "mean_std": 1.7015173919231532
    }
  }
}