{
  "rmse": 0.13212492273597592,
  "nll": -0.26132781210810346,
  "ece": 0.12090000000000001,
  "mae": 0.10036503538808482,
  "r2": 0.9724507620372597,
  "training_time": 0.34101009368896484,
  "inference_time": 0.03869128227233887,
  "inference_time_per_sample": 3.8691282272338864e-05,
  "mean_std": 0.08086750336031237,
  "std_std": 9.961879301319819e-06,
  "lengthscale": 1.0,
  "sigma_noise": 0.1
}