{
  "concrete": {
    "n_total": 1030,
    "n_high": 309,
    "n_medium": 412,
    "n_low": 309,
    "pct_high": 30.0,
    "pct_medium": 40.0,
    "pct_low": 30.0,
    "importance_mean": 0.22658358310461846,
    "importance_std": 0.15192558322371894,
    "importance_min": 0.0007078943677413962,
    "importance_max": 0.9999999999779114,
    "uncertainty_mean": 5.668923154891969,
    "uncertainty_std": 1.174974899356041,
    "density_mean": 0.2574565363810523,
    "density_std": 0.16688956765330132,
    "fitting_time": 5.141695022583008
  },
  "protein": {
    "n_total": 10000,
    "n_high": 3000,
    "n_medium": 4000,
    "n_low": 3000,
    "pct_high": 30.0,
    "pct_medium": 40.0,
    "pct_low": 30.0,
    "importance_mean": 0.40641083896021124,
    "importance_std": 0.11308014287408484,
    "importance_min": 0.00035191444905843946,
    "importance_max": 0.9999999999814387,
    "uncertainty_mean": 5.396995588840501,
    "uncertainty_std": 0.6393202824686738,
    "density_mean": 0.012949920666607216,
    "density_std": 0.020664251406086097,
    "fitting_time": 26.56277894973755
  },
  "robot_arm": {
    "n_total": 8192,
    "n_high": 2458,
    "n_medium": 3276,
    "n_low": 2458,
    "pct_high": 30.0048828125,
    "pct_medium": 39.990234375,
    "pct_low": 30.0048828125,
    "importance_mean": 0.3827018761362907,
    "importance_std": 0.16490623151928135,
    "importance_min": 0.011267379753293871,
    "importance_max": 0.9999999994773014,
    "uncertainty_mean": 0.12909926754651524,
    "uncertainty_std": 0.019637534715377065,
    "density_mean": 0.3360736926233102,
    "density_std": 0.15075478537613396,
    "fitting_time": 20.735101222991943
  },
  "sarcos": {
    "n_total": 10000,
    "n_high": 3000,
    "n_medium": 4000,
    "n_low": 3000,
    "pct_high": 30.0,
    "pct_medium": 40.0,
    "pct_low": 30.0,
    "importance_mean": 0.2680464113992389,
    "importance_std": 0.16610619068533375,
    "importance_min": 0.008460979595308744,
    "importance_max": 0.9950553320137638,
    "uncertainty_mean": 6.945369606830136,
    "uncertainty_std": 1.9349665418396147,
    "density_mean": 0.2608538709840264,
    "density_std": 0.13966227412641605,
    "fitting_time": 47.9751763343811
  },
  "synthetic_heteroscedastic": {
    "n_total": 5000,
    "n_high": 1500,
    "n_medium": 2000,
    "n_low": 1500,
    "pct_high": 30.0,
    "pct_medium": 40.0,
    "pct_low": 30.0,
    "importance_mean": 0.16148815127570518,
    "importance_std": 0.0934949757332617,
    "importance_min": 0.000190074618931356,
    "importance_max": 0.999999993305648,
    "uncertainty_mean": 0.18042267213821606,
    "uncertainty_std": 0.0006431891028294486,
    "density_mean": 0.27296547332072457,
    "density_std": 0.1222619762101536,
    "fitting_time": 22.732855319976807
  }
}