{
  "concrete": {
    "n_total": 1030,
    "n_high": 309,
    "n_medium": 412,
    "n_low": 309,
    "pct_high": 30.0,
    "pct_medium": 40.0,
    "pct_low": 30.0,
    "importance_mean": 0.225749627450989,
    "importance_std": 0.1482848518073291,
    "importance_min": 0.0,
    "importance_max": 0.8984152733070734,
    "uncertainty_mean": 5.720825654685757,
    "uncertainty_std": 1.1789938499009487,
    "density_mean": 0.2574565363810523,
    "density_std": 0.16688956765330132,
    "fitting_time": 1.5099341869354248
  },
  "protein": {
    "n_total": 10000,
    "n_high": 3000,
    "n_medium": 4000,
    "n_low": 3000,
    "pct_high": 30.0,
    "pct_medium": 40.0,
    "pct_low": 30.0,
    "importance_mean": 0.4114540839711441,
    "importance_std": 0.11193158738471044,
    "importance_min": 0.002954299696695888,
    "importance_max": 0.999999999981384,
    "uncertainty_mean": 5.359374726609366,
    "uncertainty_std": 0.6310910790434936,
    "density_mean": 0.012949920666607216,
    "density_std": 0.020664251406086097,
    "fitting_time": 14.157403230667114
  },
  "robot_arm": {
    "n_total": 8192,
    "n_high": 2458,
    "n_medium": 3276,
    "n_low": 2458,
    "pct_high": 30.0048828125,
    "pct_medium": 39.990234375,
    "pct_low": 30.0048828125,
    "importance_mean": 0.3926649347979564,
    "importance_std": 0.16616694049696423,
    "importance_min": 0.009775261443016886,
    "importance_max": 0.9999999994704272,
    "uncertainty_mean": 0.12894989897805278,
    "uncertainty_std": 0.019620461159784917,
    "density_mean": 0.3360736926233102,
    "density_std": 0.15075478537613396,
    "fitting_time": 9.948451519012451
  },
  "sarcos": {
    "n_total": 10000,
    "n_high": 3000,
    "n_medium": 4000,
    "n_low": 3000,
    "pct_high": 30.0,
    "pct_medium": 40.0,
    "pct_low": 30.0,
    "importance_mean": 0.2674618442780501,
    "importance_std": 0.16641828730125766,
    "importance_min": 0.008486879438551254,
    "importance_max": 0.9950553320137729,
    "uncertainty_mean": 6.931133003964086,
    "uncertainty_std": 1.9433907803193486,
    "density_mean": 0.2608538709840264,
    "density_std": 0.13966227412641605,
    "fitting_time": 11.768183708190918
  },
  "synthetic_heteroscedastic": {
    "n_total": 5000,
    "n_high": 1500,
    "n_medium": 2000,
    "n_low": 1500,
    "pct_high": 30.0,
    "pct_medium": 40.0,
    "pct_low": 30.0,
    "importance_mean": 0.16146748124669755,
    "importance_std": 0.09349371919181652,
    "importance_min": 0.00028266421449049727,
    "importance_max": 0.9999999936373807,
    "uncertainty_mean": 0.18048064460611327,
    "uncertainty_std": 0.0006755922854445545,
    "density_mean": 0.27296547332072457,
    "density_std": 0.1222619762101536,
    "fitting_time": 9.647694110870361
  }
}