{
  "concrete": {
    "n_total": 1030,
    "n_high": 309,
    "n_medium": 412,
    "n_low": 309,
    "pct_high": 30.0,
    "pct_medium": 40.0,
    "pct_low": 30.0,
    "importance_mean": 0.23475935468494163,
    "importance_std": 0.15584360555417315,
    "importance_min": 0.0007078943677413962,
    "importance_max": 0.92970137251808,
    "uncertainty_mean": 5.690828094994398,
    "uncertainty_std": 1.1772442827240304,
    "density_mean": 0.2574565363810523,
    "density_std": 0.16688956765330132,
    "fitting_time": 4.792341470718384
  },
  "protein": {
    "n_total": 10000,
    "n_high": 3000,
    "n_medium": 4000,
    "n_low": 3000,
    "pct_high": 30.0,
    "pct_medium": 40.0,
    "pct_low": 30.0,
    "importance_mean": 0.41725302155838856,
    "importance_std": 0.10635667522562288,
    "importance_min": 0.0033337133914081818,
    "importance_max": 0.9999999999823632,
    "uncertainty_mean": 5.355077982432484,
    "uncertainty_std": 0.6347777668553153,
    "density_mean": 0.012949920666607216,
    "density_std": 0.020664251406086097,
    "fitting_time": 30.52188777923584
  },
  "robot_arm": {
    "n_total": 8192,
    "n_high": 2458,
    "n_medium": 3276,
    "n_low": 2458,
    "pct_high": 30.0048828125,
    "pct_medium": 39.990234375,
    "pct_low": 30.0048828125,
    "importance_mean": 0.37657957021035865,
    "importance_std": 0.1643483323095626,
    "importance_min": 0.001967011084074234,
    "importance_max": 0.9999999994778207,
    "uncertainty_mean": 0.1287277030240583,
    "uncertainty_std": 0.019536258456951682,
    "density_mean": 0.3360736926233102,
    "density_std": 0.15075478537613396,
    "fitting_time": 14.02150559425354
  },
  "sarcos": {
    "n_total": 10000,
    "n_high": 3000,
    "n_medium": 4000,
    "n_low": 3000,
    "pct_high": 30.0,
    "pct_medium": 40.0,
    "pct_low": 30.0,
    "importance_mean": 0.2674468821878294,
    "importance_std": 0.16644937007446003,
    "importance_min": 0.008363062735911472,
    "importance_max": 0.9950553320137756,
    "uncertainty_mean": 6.9473069075330685,
    "uncertainty_std": 1.945250117401474,
    "density_mean": 0.2608538709840264,
    "density_std": 0.13966227412641605,
    "fitting_time": 29.399909019470215
  },
  "synthetic_heteroscedastic": {
    "n_total": 5000,
    "n_high": 1500,
    "n_medium": 2000,
    "n_low": 1500,
    "pct_high": 30.0,
    "pct_medium": 40.0,
    "pct_low": 30.0,
    "importance_mean": 0.16154696486387327,
    "importance_std": 0.09345149122910604,
    "importance_min": 0.0002097198935098698,
    "importance_max": 0.9999999935265788,
    "uncertainty_mean": 0.18045311875779266,
    "uncertainty_std": 0.0006638277061148588,
    "density_mean": 0.27296547332072457,
    "density_std": 0.1222619762101536,
    "fitting_time": 26.569965362548828
  }
}