{
  "rmse": 6.861319300789712,
  "nll": 3.9720352083022803,
  "ece": 0.1184466019417476,
  "mae": 4.401516173261251,
  "r2": 0.8173024536040019,
  "training_time": 0.28735995292663574,
  "inference_time": 0.035590410232543945,
  "inference_time_per_sample": 0.00017276898171137838,
  "mean_std": 3.073847892580307,
  "std_std": 1.9046613199356228,
  "lengthscale": 1.0,
  "sigma_noise": 0.1
}