{
  "rmse": 3.0315148394859164,
  "nll": 2.9910769563228468,
  "ece": 0.32430775518545,
  "mae": 2.0144322145802844,
  "r2": 0.9775693406417625,
  "mean_std": 8.024456204923325,
  "std_std": 3.74719116428022,
  "inference_time": 2.8770291805267334,
  "inference_time_per_sample": 0.00029396435889718337,
  "training_time": 19.38265895843506,
  "n_train": 5000,
  "n_test": 9787
}