{
  "concrete": {
    "rmse": 5.614263632113308,
    "nll": 3.4421279301924588,
    "ece": 0.3004854368932039,
    "mae": 3.632999388802382,
    "r2": 0.8776784266007306,
    "mean_std": 11.896212352877626,
    "std_std": 4.64422972484167,
    "inference_time": 0.060753583908081055,
    "inference_time_per_sample": 0.0002949203102334032,
    "training_time": 1.7806525230407715,
    "n_train": 824,
    "n_test": 206
  },
  "protein": {
    "rmse": 4.472081198573917,
    "nll": 2.9360568077395235,
    "ece": 0.11548217800131204,
    "mae": 3.3517672909017837,
    "r2": 0.4685600706541643,
    "mean_std": 5.543349001239864,
    "std_std": 0.6521727830790411,
    "inference_time": 1.7599034309387207,
    "inference_time_per_sample": 0.00019242329225221087,
    "training_time": 27.468380212783813,
    "n_train": 5000,
    "n_test": 9146
  },
  "robot_arm": {
    "rmse": 0.0786614268621464,
    "nll": -0.7050260476828654,
    "ece": 0.2812690665039659,
    "mae": 0.06068826396783649,
    "r2": 0.9105736046243891,
    "mean_std": 0.18249257627413082,
    "std_std": 0.031108271790227668,
    "inference_time": 1.2168879508972168,
    "inference_time_per_sample": 0.0007424575661361908,
    "training_time": 14.388258695602417,
    "n_train": 5000,
    "n_test": 1639
  },
  "sarcos": {
    "rmse": 3.0315148394859164,
    "nll": 2.9910769563228468,
    "ece": 0.32430775518545,
    "mae": 2.0144322145802844,
    "r2": 0.9775693406417625,
    "mean_std": 8.024456204923325,
    "std_std": 3.74719116428022,
    "inference_time": 2.8770291805267334,
    "inference_time_per_sample": 0.00029396435889718337,
    "training_time": 19.38265895843506,
    "n_train": 5000,
    "n_test": 9787
  },
  "synthetic_heteroscedastic": {
    "rmse": 0.14174379275368906,
    "nll": 0.8188926963668852,
    "ece": 0.44110000000000005,
    "mae": 0.1083597404457433,
    "r2": 0.9682935078580903,
    "mean_std": 0.9011652650526824,
    "std_std": 0.121620237421038,
    "inference_time": 4.205611705780029,
    "inference_time_per_sample": 0.00420561170578003,
    "training_time": 20.272915363311768,
    "n_train": 4000,
    "n_test": 1000
  }
}