{
  "overall": {
    "rmse": 0.11565173965971846,
    "nll": 5.8838580366651,
    "ece": 0.33654667480170836,
    "mae": 0.08720537153446459,
    "training_time": 20.858076095581055,
    "region_id_time": 18.906700372695923,
    "inference_time": 0.7428719997406006,
    "peak_memory_mb": 126.94596576690674,
    "mean_std": 0.028088041920090432,
    "std_std": 0.0017332965229723218
  },
  "per_region": {
    "low": {
      "n_points": 467,
      "pct_points": 28.49298352654057,
      "rmse": 0.1293452660660805,
      "nll": 9.231398133449929,
      "ece": 0.3822269807280514,
      "mean_std": 0.02646279057649244
    },
    "medium": {
      "n_points": 635,
      "pct_points": 38.743136058572304,
      "rmse": 0.10633508556632487,
      "nll": 3.8407548353769663,
      "ece": 0.3144881889763779,
      "mean_std": 0.029624669573547827
    },
    "high": {
      "n_points": 537,
      "pct_points": 32.763880414887126,
      "rmse": 0.11359304156809077,
      "nll": 5.38864259461566,
      "ece": 0.32290502793296094,
      "mean_std": 0.027684380500192503
    }
  }
}